date,time,team1,team2,1,X,2,O,O_odds,U,U_odds,Yes,Yes_odds,No,No_odds
  24/03,21:45,Tiverton Town,Plymouth Parkway,2.52,3.55,2.45,O,1.62,U,2.10,Yes,1.55,No,2.27
24/03,21:45,Gibraltar,Greece,30.00,10.25,1.07,O,1.33,U,3.15,Yes,3.05,No,1.33
24/03,21:45,France,Netherlands,1.70,4.23,5.67,O,1.85,U,1.95,Yes,1.83,No,1.90
24/03,21:45,Sweden,Belgium,3.87,3.38,2.24,O,2.05,U,1.78,Yes,1.78,No,1.98
24/03,21:45,Moldova,Faroe Islands,2.37,2.95,3.20,O,2.57,U,1.47,Yes,2.10,No,1.65
24/03,21:45,Serbia,Lithuania,1.05,10.00,55.00,O,1.29,U,3.40,Yes,2.92,No,1.36
24/03,21:45,Austria,Azerbaijan,1.22,6.00,12.00,O,1.60,U,2.27,Yes,2.27,No,1.57
24/03,21:45,Czech Republic,Poland,2.15,3.35,3.50,O,2.25,U,1.65,Yes,1.93,No,1.82
24/03,21:45,Dungannon Swifts,Linfield FC,13.50,5.70,1.20,O,1.62,U,2.15,Yes,2.42,No,1.50
24/03,21:45,Bray Wanderers,Wexford FC,1.95,3.40,3.55,O,1.85,U,1.82,Yes,1.72,No,1.95
24/03,21:45,Kerry FC,Athlone Town,6.10,4.45,1.42,O,1.60,U,2.15,Yes,1.78,No,1.90
24/03,21:45,Galway United,Longford Town,1.20,5.60,13.00,O,1.65,U,2.05,Yes,2.55,No,1.44
24/03,21:45,Liffey Wanderers,Wayside Celtic,2.42,3.30,2.67,O,1.88,U,1.78,Yes,1.72,No,1.98
24/03,21:45,Dundalk FC,Shelbourne Dublin,2.32,3.15,2.95,O,2.20,U,1.57,Yes,1.93,No,1.75
24/03,21:45,Connah's Quay Nomads FC,Newtown AFC,1.57,3.80,5.50,O,1.93,U,1.78,Yes,1.98,No,1.75
24/03,21:45,Ayr United,Cove Rangers,1.38,4.65,7.60,O,1.65,U,2.15,Yes,1.93,No,1.78
24/03,21:45,Queens Park,Arbroath FC,1.70,3.70,4.80,O,1.75,U,2.00,Yes,1.70,No,2.02
24/03,21:45,Inverness CT,Partick Thistle,3.05,3.25,2.30,O,2.05,U,1.72,Yes,1.78,No,1.93
24/03,21:45,FC Edinburgh,Queen of the South,2.92,3.40,2.32,O,1.82,U,1.93,Yes,1.65,No,2.10
24/03,21:45,Falkirk,Kelty Hearts,1.34,4.80,8.50,O,1.78,U,1.98,Yes,2.15,No,1.62
24/03,22:00,FC Cartagena,CD Lugo,1.70,3.70,5.30,O,2.25,U,1.65,Yes,2.15,No,1.65
24/03,22:00,Bahamas,Trinidad & Tobago,14.00,6.40,1.16,O,1.50,U,2.37,Yes,2.37,No,1.50
24/03,22:00,Spain U21,Switzerland U21,1.45,4.30,6.00,O,1.50,U,2.35,Yes,1.65,No,2.07
24/03,22:00,Juventud Unida de Pocitos,San Martin de San Juan II,2.55,3.15,2.57,O,2.25,U,1.57,No_bet,No_bet,No_bet,No_bet
24/03,22:00,Finn Harps,Cobh Ramblers,2.85,3.10,2.42,O,2.05,U,1.65,Yes,1.78,No,1.88
24/03,22:00,KH Hildarendi,Kria,1.32,5.80,5.80,No_bet,No_bet,No_bet,No_bet,No_bet,No_bet,No_bet,No_bet
24/03,22:00,Skautafelag Reykjavikur,Hamar,4.80,5.10,1.44,No_bet,No_bet,No_bet,No_bet,No_bet,No_bet,No_bet,No_bet
24/03,22:00,East Fife,Elgin City,2.07,3.35,3.45,O,1.80,U,1.95,Yes,1.65,No,2.12
24/03,22:15,Tacuary (W),General Caballero JLM (W),1.78,4.20,3.30,No_bet,No_bet,No_bet,No_bet,No_bet,No_bet,No_bet,No_bet
24/03,22:30,Cameroon,Namibia,1.38,4.10,9.00,O,2.25,U,1.57,Yes,2.70,No,1.40
24/03,22:30,Guinea,Ethiopia,1.83,3.05,4.90,O,2.67,U,1.42,Yes,2.37,No,1.52
24/03,22:30,Tunisia,Libya,1.36,4.25,9.00,O,2.10,U,1.65,Yes,2.55,No,1.45
24/03,22:30,Morocco U23,Togo U23,1.65,3.65,4.45,O,1.75,U,1.95,No_bet,No_bet,No_bet,No_bet
24/03,22:30,Union Cocle,San Francisco FC II,2.47,3.35,2.52,O,1.78,U,1.93,No_bet,No_bet,No_bet,No_bet
24/03,23:00,Arucas CF,UD Las Palmas Atletico,3.20,3.10,2.20,O,2.10,U,1.62,Yes,1.83,No,1.83
24/03,23:00,Estrella CF,UD San Fernando,8.25,4.55,1.34,O,1.70,U,2.00,Yes,2.05,No,1.65
24/03,23:00,Algeria U23,Ghana U23,1.91,3.30,3.65,O,2.05,U,1.70,No_bet,No_bet,No_bet,No_bet
24/03,23:00,Leones FC,Valledupar FC,1.78,3.35,4.65,O,2.32,U,1.55,Yes,2.18,No,1.62
24/03,23:00,Deportes Tolima (W),Atletico Nacional (W),5.60,3.80,1.52,O,1.95,U,1.75,No_bet,No_bet,No_bet,No_bet
24/03,23:00,Chetumal,Cantera Venados,1.87,3.40,3.70,O,1.75,U,1.95,No_bet,No_bet,No_bet,No_bet
24/03,23:00,CD Marathon II,CD Olimpia II,2.32,3.70,2.52,O,1.57,U,2.25,No_bet,No_bet,No_bet,No_bet
24/03,23:00,Champions Academy,Plaza Amador II,2.30,3.30,2.75,O,1.83,U,1.87,No_bet,No_bet,No_bet,No_bet
24/03,23:30,UA Zacatecas II,Atletico Leones,2.40,3.20,2.67,O,1.72,U,2.00,No_bet,No_bet,No_bet,No_bet
25/03,00:00,Club Celaya II,Canada CTM FC,1.50,4.10,5.30,O,1.60,U,2.20,No_bet,No_bet,No_bet,No_bet
25/03,00:00,Centro De Formacion Chiapas,Cruz Azul Lagunas,3.60,3.55,1.85,O,1.72,U,2.00,No_bet,No_bet,No_bet,No_bet
25/03,00:00,Club Atletico Rentistas,Cerrito CS,1.72,3.40,4.70,O,2.00,U,1.70,Yes,1.93,No,1.75
25/03,00:00,CA Independiente De La Chorrera II,Academia Mario Mendez,1.98,3.50,3.25,O,1.72,U,2.02,No_bet,No_bet,No_bet,No_bet
25/03,00:00,Guarani Asuncion,Guairena FC,1.57,3.80,5.80,O,2.07,U,1.70,Yes,2.15,No,1.62
25/03,00:30,Resistencia (W),Club Olimpia (W),35.00,13.50,1.006,No_bet,No_bet,No_bet,No_bet,No_bet,No_bet,No_bet,No_bet
25/03,00:45,Real Noroeste ES,Serra ES,1.85,3.40,3.75,O,1.95,U,1.75,No_bet,No_bet,No_bet,No_bet
25/03,01:00,Fundacion AIFI,SC Marítimos de la Guaira,1.95,3.15,3.70,O,2.18,U,1.60,No_bet,No_bet,No_bet,No_bet
25/03,01:00,Gremio RS U20,Santos SP U20,1.85,3.55,3.75,O,1.55,U,2.25,Yes,1.50,No,2.37
25/03,01:00,Pittsburgh Riverhounds,Miami FC,1.93,3.45,3.70,O,1.98,U,1.75,Yes,1.85,No,1.85
25/03,01:00,Boyaca Patriotas,Fortaleza CEIF,1.98,3.20,3.85,O,2.35,U,1.53,Yes,2.10,No,1.65
25/03,01:00,Junior (W),Csdc de Pereira (W),3.05,2.87,2.37,O,2.42,U,1.50,No_bet,No_bet,No_bet,No_bet
25/03,01:00,Inter Playa del Carmen,Tritones Vallarta,1.95,3.30,3.60,O,2.12,U,1.62,Yes,1.93,No,1.75
25/03,01:00,Lautaro de Buin,CDSC Iberia,1.93,3.40,3.60,O,1.75,U,1.93,Yes,1.65,No,2.07
25/03,01:05,Deportes Quindio,Orsomarso SC,1.47,4.00,6.90,O,2.12,U,1.65,Yes,2.37,No,1.52
25/03,01:05,Alebrijes de Oaxaca,Club Atletico La Paz,1.82,3.65,3.90,O,1.70,U,2.05,Yes,1.65,No,2.12
25/03,01:30,Guadalupe FC,Sporting San Jose,3.20,3.30,2.15,O,1.78,U,1.93,Yes,1.62,No,2.15
25/03,02:00,Grenada,USA,40.00,11.25,1.04,O,1.27,U,3.45,Yes,3.85,No,1.22
25/03,02:00,Nicaragua,Saint Vincent And The Grenadines,1.15,6.50,15.00,O,1.50,U,2.37,Yes,2.45,No,1.47
25/03,02:00,CD Rooi Afo,Bubali SC,3.90,4.20,1.65,No_bet,No_bet,No_bet,No_bet,No_bet,No_bet,No_bet,No_bet
25/03,02:00,Rio Grande Valley,Monterey Bay,1.53,4.35,5.10,O,1.60,U,2.22,Yes,1.70,No,2.02
25/03,02:00,Alianza FC II,CD Arabe Unido II,2.57,3.20,2.52,O,2.18,U,1.62,No_bet,No_bet,No_bet,No_bet
25/03,02:00,Veraguas,Universidad de Panama,2.40,3.75,2.40,No_bet,No_bet,No_bet,No_bet,No_bet,No_bet,No_bet,No_bet
25/03,02:15,Defensor Sporting,Plaza Colonia,1.65,3.70,5.30,O,2.07,U,1.70,Yes,2.10,No,1.65
25/03,03:00,Club America (W),Guadalajara Chivas (W),1.70,3.60,4.35,O,1.83,U,1.87,No_bet,No_bet,No_bet,No_bet
25/03,03:00,CA Independiente de la Chorrera,Plaza Amador,2.10,3.00,3.60,O,2.32,U,1.52,Yes,2.00,No,1.70
25/03,03:00,Ciex Sports Academy (W),SD Atletico Nacional (W),4.90,4.00,1.55,No_bet,No_bet,No_bet,No_bet,No_bet,No_bet,No_bet,No_bet
25/03,03:05,Cancun FC,Cimarrones de Sonora,2.72,2.95,2.67,O,2.37,U,1.52,Yes,2.00,No,1.72
25/03,03:10,Rionegro Aguilas,Envigado FC,1.72,3.65,5.20,O,2.27,U,1.65,Yes,2.15,No,1.65
25/03,03:15,Avondale Heights U21,Green Gully U21,1.70,4.05,4.00,O,1.50,U,2.37,Yes,1.53,No,2.30
25/03,03:15,Taroona,New Town Eagles,4.45,4.65,1.52,No_bet,No_bet,No_bet,No_bet,No_bet,No_bet,No_bet,No_bet
25/03,03:30,Adamstown Rosebud II,New Lambton II,2.72,3.30,2.32,No_bet,No_bet,No_bet,No_bet,No_bet,No_bet,No_bet,No_bet
25/03,03:30,Universitario de Deportes,Club Cienciano,1.47,3.85,6.90,O,1.87,U,1.83,Yes,2.00,No,1.72
25/03,03:45,FK Beograd II,Croydon Kings II,2.00,3.70,3.05,No_bet,No_bet,No_bet,No_bet,No_bet,No_bet,No_bet,No_bet
25/03,03:45,Playford City II,Adelaide Blue Eagles II,2.47,3.75,2.32,No_bet,No_bet,No_bet,No_bet,No_bet,No_bet,No_bet,No_bet
25/03,04:00,Belize,Guatemala,9.75,5.10,1.26,O,1.70,U,2.00,Yes,2.27,No,1.53
25/03,04:00,Moreland City U21,North Geelong Warriors U21,4.80,4.30,1.55,O,1.37,U,2.75,Yes,1.45,No,2.50
25/03,04:00,Adelaide Cobras II,Adelaide Victory II,5.00,4.75,1.45,No_bet,No_bet,No_bet,No_bet,No_bet,No_bet,No_bet,No_bet
25/03,04:00,Brunswick City U21,Moreland Zebras U21,5.50,4.35,1.45,No_bet,No_bet,No_bet,No_bet,No_bet,No_bet,No_bet,No_bet
25/03,04:00,Real Monarchs,Minnesota United FC II,2.90,3.65,2.07,O,1.55,U,2.30,No_bet,No_bet,No_bet,No_bet
25/03,04:00,Liga Deportiva Alajuelense,AD Guanacasteca,1.30,4.90,9.50,O,1.80,U,1.91,Yes,2.35,No,1.53
25/03,04:00,FC Puntarenas,Deportivo Saprissa,4.00,3.30,1.90,O,2.18,U,1.62,Yes,2.00,No,1.72
25/03,04:00,Buhos Unison,Xolos de Hermosillo,1.80,3.55,3.75,O,1.65,U,2.12,No_bet,No_bet,No_bet,No_bet
25/03,04:00,Auckland City,Western Springs,1.23,6.10,8.00,No_bet,No_bet,No_bet,No_bet,No_bet,No_bet,No_bet,No_bet
25/03,04:00,Auckland United FC,Takapuna AFC,1.28,5.60,7.10,No_bet,No_bet,No_bet,No_bet,No_bet,No_bet,No_bet,No_bet
25/03,04:00,Melville United,Eastern Suburbs AFC,1.72,4.15,3.55,No_bet,No_bet,No_bet,No_bet,No_bet,No_bet,No_bet,No_bet
25/03,04:00,Bay Olympic,Manukau United,2.27,3.80,2.52,No_bet,No_bet,No_bet,No_bet,No_bet,No_bet,No_bet,No_bet
25/03,04:00,North Wellington AFC,Western Suburbs,1.30,5.70,6.40,No_bet,No_bet,No_bet,No_bet,No_bet,No_bet,No_bet,No_bet
25/03,04:00,Wellington Phoenix II,Waterside Karori,1.47,4.65,4.80,No_bet,No_bet,No_bet,No_bet,No_bet,No_bet,No_bet,No_bet
25/03,04:15,Modbury Jets II,South Adelaide II,1.95,3.70,3.15,No_bet,No_bet,No_bet,No_bet,No_bet,No_bet,No_bet,No_bet
25/03,04:15,Cumberland United II,Port Adelaide Pirates II,1.75,4.10,3.55,No_bet,No_bet,No_bet,No_bet,No_bet,No_bet,No_bet,No_bet
25/03,04:45,Wellington Olympic,Miramar Rangers,1.28,5.80,6.90,No_bet,No_bet,No_bet,No_bet,No_bet,No_bet,No_bet,No_bet
25/03,05:00,Suzuka Point Getters,Minebea Mitsumi,2.37,3.25,2.77,O,2.12,U,1.62,Yes,1.88,No,1.78
25/03,05:05,Mazatlan FC,Club Leon,4.40,3.60,1.85,O,1.87,U,1.95,Yes,1.72,No,2.05
25/03,05:05,Queretaro FC (W),UNAM Pumas (W),3.80,3.35,1.85,O,2.12,U,1.65,No_bet,No_bet,No_bet,No_bet
25/03,05:30,Riverside Olympic,Kingborough Lions,13.00,7.40,1.14,O,1.25,U,3.45,Yes,1.83,No,1.83
25/03,05:30,Adamstown Rosebuds,New Lambton,2.80,3.80,2.12,O,1.47,U,2.45,Yes,1.44,No,2.52
25/03,05:30,Fulham United FC (W),West Adelaide (W),10.00,6.10,1.20,No_bet,No_bet,No_bet,No_bet,No_bet,No_bet,No_bet,No_bet
25/03,05:45,North Eastern MetroStars II,West Adelaide II,1.45,4.60,5.10,No_bet,No_bet,No_bet,No_bet,No_bet,No_bet,No_bet,No_bet
25/03,05:45,Vipers II,Eastern United II,1.50,4.30,5.10,No_bet,No_bet,No_bet,No_bet,No_bet,No_bet,No_bet,No_bet
25/03,06:00,Gold Coast United U23,Moreton Bay United U23,2.92,3.40,2.15,No_bet,No_bet,No_bet,No_bet,No_bet,No_bet,No_bet,No_bet
25/03,06:00,SWQ Thunder FC U23,Logan Lightning U23,3.30,3.90,1.85,No_bet,No_bet,No_bet,No_bet,No_bet,No_bet,No_bet,No_bet
25/03,06:00,Moreland City SC,North Geelong Warriors,1.85,3.60,3.70,O,1.55,U,2.25,Yes,1.50,No,2.35
25/03,06:00,Brimbank Stallions FC,Corio SC,1.47,4.65,5.20,O,1.30,U,3.15,Yes,1.40,No,2.65
25/03,06:00,Casey Comets,Mornington SC,2.65,3.30,2.45,O,1.47,U,2.45,Yes,1.38,No,2.75
25/03,06:00,Richmond SC,Collingwood City,3.20,3.75,1.95,O,1.39,U,2.72,Yes,1.36,No,2.80
25/03,06:00,South Springvale SC,Bentleigh United Cobras,1.39,4.70,6.40,O,1.32,U,3.00,Yes,1.47,No,2.47
25/03,06:00,Sydenham Park,Altona City,1.60,4.45,4.25,O,1.37,U,2.77,Yes,1.45,No,2.47
25/03,06:00,Newcastle Jets (W),Wellington Phoenix (W),2.47,3.30,2.55,O,1.60,U,2.22,No_bet,No_bet,No_bet,No_bet
25/03,06:00,Western United (W),Canberra United (W),1.62,3.95,4.30,O,1.57,U,2.25,No_bet,No_bet,No_bet,No_bet
25/03,06:00,Sydney FC (W),Adelaide United (W),1.27,5.20,8.25,No_bet,No_bet,No_bet,No_bet,No_bet,No_bet,No_bet,No_bet
25/03,06:00,Brunswick City SC,Brunswick Juventus,2.67,3.30,2.40,O,1.50,U,2.37,Yes,1.40,No,2.65
25/03,06:00,Werribee City,Western United II,2.75,3.25,2.37,O,1.52,U,2.32,Yes,1.42,No,2.60
25/03,06:00,Eastern Lions,Kingston City,2.18,3.60,2.82,O,1.44,U,2.55,Yes,1.39,No,2.72
25/03,06:00,Weston Bears II,Newcastle Olympic II,5.90,4.75,1.39,No_bet,No_bet,No_bet,No_bet,No_bet,No_bet,No_bet,No_bet
25/03,06:00,Doveton SC,Melbourne Victory II,2.87,3.25,2.30,O,1.44,U,2.55,Yes,1.34,No,2.90
25/03,06:00,North Sunshine Eagles,Box Hill United SC,2.02,3.80,3.00,O,1.38,U,2.72,Yes,1.37,No,2.80
25/03,06:00,Nunawading City,Essendon Royals SC,1.78,4.10,3.50,O,1.38,U,2.72,Yes,1.40,No,2.65
25/03,06:00,Calder United (W),Alamein FC (W),1.65,4.10,4.05,No_bet,No_bet,No_bet,No_bet,No_bet,No_bet,No_bet,No_bet
25/03,06:00,Albirex Niigata (W),Chifure AS Elfen Saitama (W),2.30,3.05,3.00,O,2.25,U,1.57,No_bet,No_bet,No_bet,No_bet
25/03,06:00,Yokohama Seagulls (W),NGU Nagoya (W),1.87,3.30,3.80,O,2.12,U,1.65,No_bet,No_bet,No_bet,No_bet
25/03,06:00,Bunnies Gunma White Star (W),Nittaidai SC Yokohama (W),3.05,3.05,2.25,O,2.18,U,1.62,No_bet,No_bet,No_bet,No_bet
25/03,06:00,Ehime FC (W),AS Harima Albion (W),4.60,3.65,1.65,O,1.93,U,1.78,No_bet,No_bet,No_bet,No_bet
25/03,06:00,Seoul United,Busan Park II,1.80,3.65,3.70,O,1.65,U,2.12,No_bet,No_bet,No_bet,No_bet
25/03,06:15,Avondale FC,Green Gully,1.72,3.75,4.10,O,1.65,U,2.07,Yes,1.62,No,2.10
25/03,06:15,Adelaide Comets II,Campbelltown City II,2.80,3.25,2.30,No_bet,No_bet,No_bet,No_bet,No_bet,No_bet,No_bet,No_bet
25/03,06:15,Adelaide Comets (W),West Torrens Birkalla (W),1.31,5.10,7.00,No_bet,No_bet,No_bet,No_bet,No_bet,No_bet,No_bet,No_bet
25/03,06:30,Lions U23,Peninsula Power U23,1.60,4.55,3.90,No_bet,No_bet,No_bet,No_bet,No_bet,No_bet,No_bet,No_bet
25/03,06:30,Modbury Jets,South Adelaide FC,2.22,3.45,2.87,O,1.42,U,2.57,Yes,1.36,No,2.82
25/03,06:30,Sturt Lions,Adelaide United II,3.75,3.65,1.82,O,1.44,U,2.52,Yes,1.42,No,2.62
25/03,06:30,Cumberland United,Port Adelaide Pirates,1.85,3.90,3.45,O,1.42,U,2.60,Yes,1.42,No,2.60
25/03,06:30,Adelaide Cobras,Adelaide Victory,2.85,3.35,2.27,O,1.47,U,2.42,Yes,1.39,No,2.70
25/03,06:30,Adelaide University SC,Adelaide Hills,2.05,3.45,3.15,No_bet,No_bet,No_bet,No_bet,No_bet,No_bet,No_bet,No_bet
25/03,06:30,Heidelberg United (W),Bulleen Lions (W),1.72,4.10,3.70,No_bet,No_bet,No_bet,No_bet,No_bet,No_bet,No_bet,No_bet
25/03,06:45,Gold Coast Knights U23,Sunshine Coast Wanderers U23,1.91,3.70,3.25,No_bet,No_bet,No_bet,No_bet,No_bet,No_bet,No_bet,No_bet
25/03,07:00,Inglewood United SC U20,Balcatta FC U20,2.07,3.85,2.77,No_bet,No_bet,No_bet,No_bet,No_bet,No_bet,No_bet,No_bet
25/03,07:00,Perth U20,Sorrento U20,1.60,4.50,3.90,No_bet,No_bet,No_bet,No_bet,No_bet,No_bet,No_bet,No_bet
25/03,07:00,Cockburn City U20,Bayswater City U20,2.27,3.55,2.65,No_bet,No_bet,No_bet,No_bet,No_bet,No_bet,No_bet,No_bet
25/03,07:00,Perth Redstar FC U20,Stirling Macedonia U20,1.31,5.30,6.80,No_bet,No_bet,No_bet,No_bet,No_bet,No_bet,No_bet,No_bet
25/03,07:00,Central Coast United,Dunbar Rovers FC,1.95,3.75,3.10,No_bet,No_bet,No_bet,No_bet,No_bet,No_bet,No_bet,No_bet
25/03,07:00,Maitland II,Valentine II,1.53,4.10,5.00,No_bet,No_bet,No_bet,No_bet,No_bet,No_bet,No_bet,No_bet
25/03,07:00,Murdoch University Melville FC II,Subiaco AFC II,2.15,3.75,2.72,No_bet,No_bet,No_bet,No_bet,No_bet,No_bet,No_bet,No_bet
25/03,07:00,Western Knights II,Gwelup Croatia II,2.05,3.75,2.90,No_bet,No_bet,No_bet,No_bet,No_bet,No_bet,No_bet,No_bet
25/03,07:00,Jubilo Iwata,Consadole Sapporo,3.75,3.75,1.87,O,1.72,U,2.05,Yes,1.65,No,2.10
25/03,07:00,Vegalta Sendai,Zwiegen Kanazawa,1.83,3.45,4.25,O,1.91,U,1.83,Yes,1.78,No,1.93
25/03,07:00,Omiya Ardija,Oita Trinita,3.20,3.20,2.25,O,2.15,U,1.65,Yes,1.85,No,1.85
25/03,07:00,V-Varen Nagasaki,Montedio Yamagata,2.62,3.20,2.65,O,2.07,U,1.70,Yes,1.80,No,1.90
25/03,07:00,Tokushima Vortis,Blaublitz Akita,2.32,2.95,3.30,O,2.72,U,1.42,Yes,2.22,No,1.60
25/03,07:00,JEF United Chiba,Fagiano Okayama,2.65,2.95,2.85,O,2.45,U,1.52,Yes,2.00,No,1.72
25/03,07:00,Grulla Morioka,Azul Claro Numazu,1.93,3.50,3.60,O,2.02,U,1.72,Yes,1.88,No,1.82
25/03,07:00,AC Nagano Parceiro (W),JEF United Ichihara Chiba (W),3.35,2.95,2.18,O,2.42,U,1.50,No_bet,No_bet,No_bet,No_bet
25/03,07:00,Gangneung City FC,Ulsan Citizen FC,2.37,3.05,3.00,O,2.22,U,1.60,Yes,1.91,No,1.80
25/03,07:00,Gangwon II,Daejeon Citizen II,2.37,3.60,2.52,O,1.70,U,2.05,No_bet,No_bet,No_bet,No_bet
25/03,07:00,Jeonbuk Hyundai Motors II,Pyeongchang United FC,2.62,3.30,2.40,O,1.87,U,1.83,No_bet,No_bet,No_bet,No_bet
25/03,07:00,Gyeongju (W),Suwon FMC (W),1.52,4.00,5.20,O,1.60,U,2.18,No_bet,No_bet,No_bet,No_bet
25/03,07:00,Sejong Sportstoto (W),Hwacheon KSPO (W),4.35,3.75,1.65,O,1.70,U,2.02,No_bet,No_bet,No_bet,No_bet
25/03,07:10,Sutherland Sharks U20,Sydney United 58 FC U20,2.75,3.35,2.30,No_bet,No_bet,No_bet,No_bet,No_bet,No_bet,No_bet,No_bet
25/03,07:30,Sydney Olympic U20,NWS Spirit U20,1.98,3.45,3.30,No_bet,No_bet,No_bet,No_bet,No_bet,No_bet,No_bet,No_bet
25/03,07:30,Glenorchy Knights FC,Launceston City FC,1.50,4.50,5.00,O,1.45,U,2.50,Yes,1.57,No,2.20
25/03,07:30,Devonport City SC,Launceston United,1.10,8.50,16.50,Yes,1.95,No,1.72,No_bet,No_bet,No_bet,No_bet
25/03,07:30,Olympia Warriors,Hobart United,3.00,4.25,1.88,No_bet,No_bet,No_bet,No_bet,No_bet,No_bet,No_bet,No_bet
25/03,07:30,Maccabi Herzliya U19,Maccabi Jaffa U19,2.30,3.55,2.62,O,1.72,U,2.00,No_bet,No_bet,No_bet,No_bet
25/03,07:45,Wynnum Wolves U23,Mitchelton FC U23,1.50,4.65,4.65,No_bet,No_bet,No_bet,No_bet,No_bet,No_bet,No_bet,No_bet
25/03,07:45,Marconi Stallions U20,Manly United FC U20,1.36,4.80,6.30,No_bet,No_bet,No_bet,No_bet,No_bet,No_bet,No_bet,No_bet
25/03,07:45,Dandenong Thunder U21,Port Melbourne Sharks SC U21,4.90,4.45,1.52,O,1.38,U,2.72,Yes,1.47,No,2.42
25/03,07:45,Fulham United FC,West Torrens Birkalla,3.45,4.05,1.80,O,1.42,U,2.60,Yes,1.44,No,2.52
25/03,08:00,Bulls FC Academy,St George City FA,4.00,4.05,1.70,O,1.47,U,2.42,Yes,1.50,No,2.35
25/03,08:00,Vipers,Eastern United,2.18,3.50,2.90,O,1.42,U,2.60,Yes,1.37,No,2.80
25/03,08:00,Weston Bears,Newcastle Olympic,2.42,3.65,2.47,O,1.53,U,2.27,Yes,1.47,No,2.42
25/03,08:00,Metro United FC (W),Flinders Flames (W),1.36,4.90,6.10,No_bet,No_bet,No_bet,No_bet,No_bet,No_bet,No_bet,No_bet
25/03,08:00,Bankstown City Lions U20,Dulwich Hill U20,5.90,4.75,1.39,No_bet,No_bet,No_bet,No_bet,No_bet,No_bet,No_bet,No_bet
25/03,08:00,Hills United U20,Macarthur Rams U20,1.45,4.60,5.20,No_bet,No_bet,No_bet,No_bet,No_bet,No_bet,No_bet,No_bet
25/03,08:00,Inter Lions U20,Northern Tigers U20,2.32,3.30,2.72,No_bet,No_bet,No_bet,No_bet,No_bet,No_bet,No_bet,No_bet
25/03,08:00,Mounties Wanderers U20,Blacktown Spartans U20,2.25,3.30,2.85,No_bet,No_bet,No_bet,No_bet,No_bet,No_bet,No_bet,No_bet
25/03,08:00,SD Raiders U20,Hakoah Sydney City East U20,2.92,3.45,2.15,No_bet,No_bet,No_bet,No_bet,No_bet,No_bet,No_bet,No_bet
25/03,08:00,St George Saints FC U20,Canterbury Bankstown Berries U20,1.82,4.05,3.30,No_bet,No_bet,No_bet,No_bet,No_bet,No_bet,No_bet,No_bet
25/03,08:00,Goulburn Valley Suns,Beaumaris SC,1.31,5.50,6.80,O,1.28,U,3.20,Yes,1.52,No,2.32
25/03,08:00,Tokyo Verdy,Roasso Kumamoto,2.00,3.35,3.70,O,2.07,U,1.70,Yes,1.87,No,1.83
25/03,08:00,Daejeon Korail,Hwaseong FC,3.05,3.00,2.37,O,2.27,U,1.57,Yes,1.93,No,1.78
25/03,08:00,Gimhae City,Yangju Citizen,1.78,3.50,4.30,O,2.00,U,1.72,Yes,1.93,No,1.78
25/03,08:00,Jinju Citizen,Dangjin Citizen,3.00,3.55,2.05,O,1.70,U,2.02,No_bet,No_bet,No_bet,No_bet
25/03,08:00,Yeoju Citizen,Goyang Happiness,2.25,3.30,2.85,O,1.72,U,2.00,No_bet,No_bet,No_bet,No_bet
25/03,08:15,Eastern Suburbs FC,Redlands United,2.52,3.75,2.35,O,1.37,U,2.80,Yes,1.34,No,2.90
25/03,08:30,Adelaide Comets,Campbelltown City,2.07,3.40,3.20,O,1.62,U,2.10,Yes,1.53,No,2.30
25/03,08:30,Hapoel Petah Tikva U19,Sektzya Ness Ziona U19,1.29,5.40,7.30,No_bet,No_bet,No_bet,No_bet,No_bet,No_bet,No_bet,No_bet
25/03,08:45,Queensland Lions (W),Olympic (W),1.01,12.50,29.00,No_bet,No_bet,No_bet,No_bet,No_bet,No_bet,No_bet,No_bet
25/03,08:45,Brisbane Strikers U23,Albany Creek U23,1.98,3.70,3.10,No_bet,No_bet,No_bet,No_bet,No_bet,No_bet,No_bet,No_bet
25/03,08:45,Oakleigh Cannons U21,Hume City U21,2.65,3.35,2.42,O,1.62,U,2.12,Yes,1.50,No,2.35
25/03,09:00,Gold Coast Knights,Sunshine Coast Wanderers,1.70,4.05,4.00,O,1.47,U,2.47,Yes,1.50,No,2.37
25/03,09:00,Perth Glory II,Armadale,3.25,4.20,1.83,O,1.28,U,3.20,Yes,1.31,No,3.05
25/03,09:00,Inglewood United,Balcatta FC,1.45,4.65,5.30,O,1.44,U,2.55,Yes,1.57,No,2.20
25/03,09:00,Cockburn City,Bayswater City SC,3.60,4.05,1.78,O,1.42,U,2.62,Yes,1.44,No,2.52
25/03,09:00,Perth Redstar FC,Stirling Macedonia,2.02,3.70,3.05,O,1.50,U,2.37,Yes,1.45,No,2.50
25/03,09:00,Perth SC,Sorrento,2.40,3.65,2.52,O,1.50,U,2.37,Yes,1.44,No,2.52
25/03,09:00,Westgate FC,Whittlesea United,1.65,4.40,3.85,O,1.36,U,2.82,Yes,1.42,No,2.60
25/03,09:00,Maitland FC,Valentine Phoenix FC,1.22,6.10,9.50,O,1.33,U,3.00,Yes,1.75,No,1.93
25/03,09:00,Forrestfield United,Rockingham City,3.55,4.00,1.75,No_bet,No_bet,No_bet,No_bet,No_bet,No_bet,No_bet,No_bet
25/03,09:00,Fremantle City FC,UWA Nedlands,1.31,4.55,8.50,No_bet,No_bet,No_bet,No_bet,No_bet,No_bet,No_bet,No_bet
25/03,09:00,Joondalup United,Dianella White Eagles,2.40,3.30,2.62,No_bet,No_bet,No_bet,No_bet,No_bet,No_bet,No_bet,No_bet
25/03,09:00,Murdoch University Melville FC,Subiaco AFC,1.53,4.05,5.00,No_bet,No_bet,No_bet,No_bet,No_bet,No_bet,No_bet,No_bet
25/03,09:00,Western Knights,Gwelup Croatia,2.60,3.30,2.45,No_bet,No_bet,No_bet,No_bet,No_bet,No_bet,No_bet,No_bet
25/03,09:00,Boroondara Eagles (W),Bayside United (W),2.15,3.60,2.80,No_bet,No_bet,No_bet,No_bet,No_bet,No_bet,No_bet,No_bet
25/03,09:00,Hapoel Acre U19,Maccabi Neve Yosef U19,1.75,3.85,3.75,O,1.62,U,2.15,No_bet,No_bet,No_bet,No_bet
25/03,09:15,FC Melbourne Serbia,Old Scotch SC,1.36,5.10,6.20,O,1.34,U,2.90,Yes,1.55,No,2.25
25/03,09:30,Sutherland Sharks,Sydney United 58 FC,3.05,3.85,1.98,O,1.52,U,2.32,Yes,1.50,No,2.37
25/03,09:30,Sydney Olympic,NWS Spirit,1.75,3.85,3.85,O,1.55,U,2.25,Yes,1.55,No,2.25
25/03,09:30,Dynamic Herb Cebu FC,Mendiola,1.06,9.50,21.00,No_bet,No_bet,No_bet,No_bet,No_bet,No_bet,No_bet,No_bet
25/03,10:00,Altay SK U19,Keciorengucu U19,2.42,3.35,2.55,O,1.78,U,1.93,No_bet,No_bet,No_bet,No_bet
25/03,10:00,Broadbeach United (W),Robina City (W),2.15,3.70,2.75,No_bet,No_bet,No_bet,No_bet,No_bet,No_bet,No_bet,No_bet
25/03,10:00,South West Queensland Thunder,Logan Lightning,3.35,3.70,1.91,O,1.44,U,2.52,Yes,1.42,No,2.62
25/03,10:00,Wynnum Wolves,Mitchelton,1.93,3.70,3.30,O,1.45,U,2.47,Yes,1.42,No,2.57
25/03,10:00,North Lakes United,Taringa Rovers SFC,2.40,2.95,2.92,No_bet,No_bet,No_bet,No_bet,No_bet,No_bet,No_bet,No_bet
25/03,10:00,Dandenong Thunder,Port Melbourne,2.82,3.30,2.30,O,1.75,U,1.93,Yes,1.60,No,2.15
25/03,10:00,Marconi Stallions,Manly United,1.80,3.85,3.65,O,1.55,U,2.25,Yes,1.53,No,2.27
25/03,10:00,Western Sydney Wanderers II,Apia Leichhardt Tigers,3.30,3.90,1.90,O,1.40,U,2.67,Yes,1.39,No,2.67
25/03,10:00,Bonnyrigg White Eagles,Rydalmere Lions,1.88,3.85,3.25,No_bet,No_bet,No_bet,No_bet,No_bet,No_bet,No_bet,No_bet
25/03,10:00,Hills Brumbies,Macarthur Rams,2.25,3.35,2.80,No_bet,No_bet,No_bet,No_bet,No_bet,No_bet,No_bet,No_bet
25/03,10:00,Inter Lions,Northern Tigers,3.35,4.10,1.80,No_bet,No_bet,No_bet,No_bet,No_bet,No_bet,No_bet,No_bet
25/03,10:00,Mounties Wanderers,Blacktown Spartans,3.70,4.40,1.65,No_bet,No_bet,No_bet,No_bet,No_bet,No_bet,No_bet,No_bet
25/03,10:00,SD Raiders,Hakoah Sydney City East,2.40,3.35,2.57,No_bet,No_bet,No_bet,No_bet,No_bet,No_bet,No_bet,No_bet
25/03,10:00,St George FC,Canterbury Bankstown,2.32,3.40,2.67,No_bet,No_bet,No_bet,No_bet,No_bet,No_bet,No_bet,No_bet
25/03,10:00,Bankstown City FC,Dulwich Hill,2.30,3.45,2.67,No_bet,No_bet,No_bet,No_bet,No_bet,No_bet,No_bet,No_bet
25/03,10:00,Mount Gravatt Hawks,North Brisbane,2.05,3.95,2.80,No_bet,No_bet,No_bet,No_bet,No_bet,No_bet,No_bet,No_bet
25/03,10:00,Hapoel Ironi Hod Hasharon U19,Bnei Yehuda Tel Aviv U19,3.80,4.10,1.70,No_bet,No_bet,No_bet,No_bet,No_bet,No_bet,No_bet,No_bet
25/03,10:00,Hapoel Marmorek U19,Ashdod Rafi Elbaz U19,2.72,3.70,2.15,O,1.57,U,2.25,No_bet,No_bet,No_bet,No_bet
25/03,10:00,Hapoel Kfar Saba U19,Hapoel Afula U19,1.20,6.10,9.75,No_bet,No_bet,No_bet,No_bet,No_bet,No_bet,No_bet,No_bet
25/03,10:00,Ironi Nesher U19,Hapoel Herzliya U19,1.93,3.65,3.30,O,1.72,U,2.00,No_bet,No_bet,No_bet,No_bet
25/03,10:00,Maccabi Kiryat Ata U19,Beitar Nes Tubruk U19,4.65,3.90,1.60,No_bet,No_bet,No_bet,No_bet,No_bet,No_bet,No_bet,No_bet
25/03,10:00,Mamelodi Sundowns II,SuperSport United II,3.15,3.30,2.10,O,1.85,U,1.87,No_bet,No_bet,No_bet,No_bet
25/03,10:00,Moroka Swallows II,Royal AM FC II,2.65,3.15,2.47,O,1.93,U,1.78,No_bet,No_bet,No_bet,No_bet
25/03,10:00,CSJ Stiinta U Craiova U19,Unirea Bascov U19,7.20,5.10,1.31,No_bet,No_bet,No_bet,No_bet,No_bet,No_bet,No_bet,No_bet
25/03,10:15,Gold Coast United,Moreton Bay United,2.12,3.70,2.87,O,1.45,U,2.47,Yes,1.42,No,2.60
25/03,10:30,Eastern Suburbs U23,Redlands United U23,2.62,3.30,2.42,No_bet,No_bet,No_bet,No_bet,No_bet,No_bet,No_bet,No_bet
25/03,10:30,Olympic Kingsway U20,Floreat Athena U20,2.95,3.60,2.07,No_bet,No_bet,No_bet,No_bet,No_bet,No_bet,No_bet,No_bet
25/03,10:45,Oakleigh Cannons,Hume City,1.42,4.50,6.30,O,1.55,U,2.25,Yes,1.75,No,1.93
25/03,11:00,Potenza U19,Gubbio U19,1.35,4.75,6.60,No_bet,No_bet,No_bet,No_bet,No_bet,No_bet,No_bet,No_bet
25/03,11:00,Antalyaspor U19,Ümraniyespor U19,1.62,3.95,4.35,No_bet,No_bet,No_bet,No_bet,No_bet,No_bet,No_bet,No_bet
25/03,11:00,Balikesirspor U19,Samsunspor U19,5.50,4.40,1.44,O,1.55,U,2.30,No_bet,No_bet,No_bet,No_bet
25/03,11:00,Bodrumspor U19,Eskisehirspor U19,1.95,3.35,3.50,O,1.85,U,1.85,No_bet,No_bet,No_bet,No_bet
25/03,11:00,Boluspor U19,Bursaspor U19,2.12,3.50,2.90,No_bet,No_bet,No_bet,No_bet,No_bet,No_bet,No_bet,No_bet
25/03,11:00,Denizlispor U19,Genclerbirligi U19,2.25,3.40,2.75,O,1.65,U,2.12,No_bet,No_bet,No_bet,No_bet
25/03,11:00,Eyupspor U19,Erzurumspor BB U19,1.82,3.70,3.60,O,1.72,U,2.00,No_bet,No_bet,No_bet,No_bet
25/03,11:00,Kocaelispor U19,Erokspor U19,1.83,3.60,3.60,O,1.80,U,1.90,No_bet,No_bet,No_bet,No_bet
25/03,11:00,Konyaspor U19,Kasimpasa U19,1.62,3.80,4.50,O,1.72,U,2.00,No_bet,No_bet,No_bet,No_bet
25/03,11:00,Sakaryaspor U19,Pendikspor U19,2.25,3.45,2.75,O,1.60,U,2.18,No_bet,No_bet,No_bet,No_bet
25/03,11:00,Tuzlasport U19,Rizespor U19,2.12,3.55,2.85,O,1.72,U,2.00,No_bet,No_bet,No_bet,No_bet
25/03,11:00,Bandirmaspor U19,Adanaspor U19,1.80,3.90,3.45,No_bet,No_bet,No_bet,No_bet,No_bet,No_bet,No_bet,No_bet
25/03,11:00,Giresunspor U19,Trabzonspor U19,3.30,3.80,1.87,O,1.57,U,2.27,No_bet,No_bet,No_bet,No_bet
25/03,11:00,Alanyaspor U19,Istanbulspor U19,2.45,3.75,2.35,No_bet,No_bet,No_bet,No_bet,No_bet,No_bet,No_bet,No_bet
25/03,11:00,Queensland Lions SC,Peninsula Power,1.65,4.25,3.95,O,1.44,U,2.52,Yes,1.50,No,2.37
25/03,11:00,Peninsula Power (W),Sunshine Coast Wanderers (W),1.30,5.10,7.30,No_bet,No_bet,No_bet,No_bet,No_bet,No_bet,No_bet,No_bet
25/03,11:00,Brisbane Strikers,Albany Creek,1.95,4.10,3.00,O,1.37,U,2.77,Yes,1.39,No,2.72
25/03,11:00,North Eastern MetroStars,West Adelaide FC,1.30,5.20,7.80,O,1.45,U,2.50,Yes,1.78,No,1.88
25/03,11:15,Bohemians 1905 II,FK Kraluv Dvur,1.70,3.85,4.00,O,1.70,U,2.05,No_bet,No_bet,No_bet,No_bet
25/03,11:15,FC Hradec Kralove II,FK Pardubice II,1.93,3.70,3.25,O,1.65,U,2.10,No_bet,No_bet,No_bet,No_bet
25/03,11:15,FK Jablonec II,Sokol Zapy,1.87,3.70,3.35,O,1.70,U,2.05,No_bet,No_bet,No_bet,No_bet
25/03,11:15,Loko Vltavin,Admira Praha,2.35,3.30,2.70,O,1.78,U,1.93,No_bet,No_bet,No_bet,No_bet
25/03,11:15,Motorlet Praha,FC Viktoria Plzen II,2.25,3.55,2.67,O,1.72,U,2.00,No_bet,No_bet,No_bet,No_bet
25/03,11:15,SK Benesov,FK Usti Nad Labem,1.83,3.70,3.50,O,1.70,U,2.05,No_bet,No_bet,No_bet,No_bet
25/03,11:15,Tatran Bohunice,AFC Humpolec,1.22,5.70,9.50,No_bet,No_bet,No_bet,No_bet,No_bet,No_bet,No_bet,No_bet
25/03,11:15,FC Slovan Havlickuv Brod,FSC Stara Rise,1.93,3.85,3.15,No_bet,No_bet,No_bet,No_bet,No_bet,No_bet,No_bet,No_bet
25/03,11:15,Marianske Lazne,SK Aritma Praha,2.70,3.85,2.12,No_bet,No_bet,No_bet,No_bet,No_bet,No_bet,No_bet,No_bet
25/03,11:15,SK Kladno,Vilemov,1.18,6.20,11.25,No_bet,No_bet,No_bet,No_bet,No_bet,No_bet,No_bet,No_bet
25/03,11:15,Vratimov,Hermanice,1.19,6.30,9.75,No_bet,No_bet,No_bet,No_bet,No_bet,No_bet,No_bet,No_bet
25/03,11:30,FK Nove Zamky,Tj Jednota Banova,3.30,3.50,1.95,O,1.72,U,2.02,No_bet,No_bet,No_bet,No_bet
25/03,11:30,Prepere,TJ Sokol Zivanice,1.65,3.90,4.15,O,1.62,U,2.15,No_bet,No_bet,No_bet,No_bet
25/03,11:30,SK Dynamo Ceske Budejovice II,Dukla Prague II,1.83,3.80,3.45,O,1.60,U,2.20,No_bet,No_bet,No_bet,No_bet
25/03,12:00,MKE Ankaragucu U19,Fatih Karagumrukspor U19,1.39,4.55,6.20,No_bet,No_bet,No_bet,No_bet,No_bet,No_bet,No_bet,No_bet
25/03,12:00,TS Galaxy II,Richards Bay FC II,2.18,3.20,3.05,O,1.93,U,1.78,No_bet,No_bet,No_bet,No_bet
25/03,12:00,Lech Poznan U19,Rakow Czestochowa U19,2.15,3.90,2.67,No_bet,No_bet,No_bet,No_bet,No_bet,No_bet,No_bet,No_bet
25/03,12:00,Czarni Sosnowiec (W),UKS Lodz (W),4.40,3.70,1.65,O,1.70,U,2.05,No_bet,No_bet,No_bet,No_bet
25/03,12:00,CS Giroc Chisoda U19,CSC Dumbravita U19,2.12,3.80,2.72,No_bet,No_bet,No_bet,No_bet,No_bet,No_bet,No_bet,No_bet
25/03,12:00,FC Slovan Liberec (W),FC Viktoria Plzen (W),1.42,4.60,5.70,No_bet,No_bet,No_bet,No_bet,No_bet,No_bet,No_bet,No_bet
25/03,12:15,Inter Turku U20,FC Ilves U20,3.85,4.50,1.62,No_bet,No_bet,No_bet,No_bet,No_bet,No_bet,No_bet,No_bet
25/03,12:30,RCD Espanyol (W),UDG Tenerife Sur (W) II,1.83,3.35,3.90,O,2.12,U,1.65,No_bet,No_bet,No_bet,No_bet
25/03,12:30,CD Tenerife (W),Malaga CF (W),1.88,3.65,3.40,O,1.72,U,2.00,No_bet,No_bet,No_bet,No_bet
25/03,12:30,US Latina Calcio U19,Virtus Francavilla U19,2.40,3.75,2.40,No_bet,No_bet,No_bet,No_bet,No_bet,No_bet,No_bet,No_bet
25/03,12:30,Keciorengucu,Genclerbirligi,1.95,3.45,3.60,O,1.91,U,1.80,Yes,1.78,No,1.93
25/03,12:30,Tuzlaspor,Goztepe SK,2.85,3.25,2.40,O,2.00,U,1.72,Yes,1.78,No,1.93
25/03,13:00,Torrellano,Villarreal CF C,2.57,2.82,2.87,O,2.52,U,1.44,Yes,2.07,No,1.65
25/03,13:00,CF Algeciras U19,San Roque Balompie U19,2.47,3.85,2.35,O,1.47,U,2.42,Yes,1.45,No,2.50
25/03,13:00,UDG Tenerife Sur (W),Sporting de Huelva (W),1.38,4.35,6.90,O,1.78,U,1.93,No_bet,No_bet,No_bet,No_bet
25/03,13:00,Usak Spor,AS Sariyer,2.50,3.15,2.67,O,2.07,U,1.65,Yes,1.83,No,1.85
25/03,13:00,Ankaraspor,Afjet Afyonspor,2.37,3.15,2.85,O,2.15,U,1.60,Yes,1.90,No,1.78
25/03,13:00,Kasimpasa Erokspor,Batman Petrolspor,1.36,4.35,7.90,O,1.90,U,1.78,Yes,2.27,No,1.53
25/03,13:00,Menemenspor,Isparta Davraz Spor,2.40,3.05,2.87,O,2.30,U,1.53,Yes,1.98,No,1.72
25/03,13:00,Kirklarelispor,Buca FK,3.30,3.05,2.18,O,2.37,U,1.50,Yes,2.07,No,1.65
25/03,13:00,Inegölspor,Somaspor,2.52,3.20,2.62,O,2.10,U,1.62,Yes,1.85,No,1.82
25/03,13:00,Duzcespor,Arnavutköy Belediye Spor,1.88,3.40,3.80,O,2.12,U,1.62,Yes,1.98,No,1.72
25/03,13:00,Balikesirspor,Serik Belediyespor,3.20,3.25,2.12,O,2.12,U,1.62,Yes,1.91,No,1.78
25/03,13:00,Hekimoglu Trabzon,Ankara Demirspor,1.47,3.95,6.30,O,2.00,U,1.70,Yes,2.20,No,1.57
25/03,13:00,Belediye Vanspor,Karacabey Belediyespor,2.42,2.90,3.00,O,2.47,U,1.47,Yes,2.05,No,1.65
25/03,13:00,Zonguldak Komurspor,Etimesgut Bld Spor,2.07,3.20,3.35,O,2.22,U,1.57,Yes,2.00,No,1.70
25/03,13:00,Fethiyespor,Kocaelispor,3.80,3.35,1.88,O,2.15,U,1.60,Yes,2.00,No,1.70
25/03,13:00,Bayrampasaspor,Ayvalikgucu,2.60,3.15,2.50,O,2.20,U,1.60,No_bet,No_bet,No_bet,No_bet
25/03,13:00,Derince Belediyespor,Yeni Orduspor,2.05,3.30,3.25,O,2.05,U,1.70,No_bet,No_bet,No_bet,No_bet
25/03,13:00,Akhisarspor,Siirt Il Ozel Idaresi Spor,2.27,3.10,2.95,O,2.20,U,1.60,No_bet,No_bet,No_bet,No_bet
25/03,13:00,Hacettepe Spor,Amasyaspor 1968 FK,1.95,3.15,3.75,O,2.02,U,1.70,No_bet,No_bet,No_bet,No_bet
25/03,13:00,Manisa BBSK U19,Afjet Afyonspor U19,1.45,4.35,5.60,O,1.60,U,2.20,No_bet,No_bet,No_bet,No_bet
25/03,13:00,Unye Gucu (W),Nuhspor (W),2.30,3.50,2.65,O,1.62,U,2.15,No_bet,No_bet,No_bet,No_bet
25/03,13:00,Strommen IF,Kvik Halden,2.25,3.80,2.55,No_bet,No_bet,No_bet,No_bet,No_bet,No_bet,No_bet,No_bet
25/03,13:00,Olympic Kingsway,Floreat Athena,2.95,3.45,2.18,O,1.47,U,2.45,Yes,1.40,No,2.67
25/03,13:00,FFC Vorderland (W),Sturm Graz Damen Stattegg (W),3.55,4.25,1.72,No_bet,No_bet,No_bet,No_bet,No_bet,No_bet,No_bet,No_bet
25/03,13:00,GVI,Goerslev IF,2.22,3.55,2.72,O,1.62,U,2.18,No_bet,No_bet,No_bet,No_bet
25/03,13:00,World Girls FC (W),Ambassador FC (W),5.30,3.70,1.55,No_bet,No_bet,No_bet,No_bet,No_bet,No_bet,No_bet,No_bet
25/03,13:00,Legia Warszawa II,Sokol Ostroda,1.62,4.00,4.35,No_bet,No_bet,No_bet,No_bet,No_bet,No_bet,No_bet,No_bet
25/03,13:00,Miedz Legnica II,Gwarek Tarnowskie Gory,2.75,3.40,2.25,O,1.72,U,2.00,No_bet,No_bet,No_bet,No_bet
25/03,13:00,Wieczysta Krakow,Orleta Radzyn Podlaski,1.25,5.40,8.50,No_bet,No_bet,No_bet,No_bet,No_bet,No_bet,No_bet,No_bet
25/03,13:00,Stilon Gorzow Wielkopolski,Rakow Czestochowa II,5.20,4.05,1.52,O,1.62,U,2.15,No_bet,No_bet,No_bet,No_bet
25/03,13:00,LKS Lodz II,Legionovia Legionowo,2.32,3.55,2.60,O,1.62,U,2.15,No_bet,No_bet,No_bet,No_bet
25/03,13:00,Polonia Ilowo,Tecza Biskupiec,2.82,4.35,1.95,No_bet,No_bet,No_bet,No_bet,No_bet,No_bet,No_bet,No_bet
25/03,13:00,MKS Pogon Szczecin U19,Polonia Warszawa U19,2.10,4.15,2.62,No_bet,No_bet,No_bet,No_bet,No_bet,No_bet,No_bet,No_bet
25/03,13:00,Czworka Radom (W),Medyk Konin (W),9.50,5.70,1.22,No_bet,No_bet,No_bet,No_bet,No_bet,No_bet,No_bet,No_bet
25/03,13:00,Pogon Tczew (W),Slask Wroclaw (W),5.50,4.85,1.40,No_bet,No_bet,No_bet,No_bet,No_bet,No_bet,No_bet,No_bet
25/03,13:00,Banat Girls (W),Politehnica Timisoara (W),24.00,11.00,1.03,No_bet,No_bet,No_bet,No_bet,No_bet,No_bet,No_bet,No_bet
25/03,13:15,Korona Kielce U19,Jagiellonia Bialystok U19,2.42,4.30,2.20,No_bet,No_bet,No_bet,No_bet,No_bet,No_bet,No_bet,No_bet
25/03,13:30,Cordoba CF SAD (W),Deportivo La Coruna (W),4.75,3.70,1.62,O,1.70,U,2.02,No_bet,No_bet,No_bet,No_bet
25/03,13:30,Sampdoria (W),ACF Como (W),2.65,3.40,2.32,O,1.70,U,2.05,No_bet,No_bet,No_bet,No_bet
25/03,13:30,1. FC Magdeburg U19,RB Leipzig U19,3.00,4.15,1.95,O,1.35,U,2.87,Yes,1.37,No,2.80
25/03,13:30,JJK Jyvaskyla,FC Vaajakoski,1.28,5.30,7.80,No_bet,No_bet,No_bet,No_bet,No_bet,No_bet,No_bet,No_bet
25/03,13:30,Ymir Kopavogur,IH Hafnarfjordur,1.40,5.30,5.40,Yes,1.32,No,3.00,No_bet,No_bet,No_bet,No_bet
25/03,13:30,Vineta Wolin,Polonia Sroda Wielkopolska,3.25,4.00,1.85,No_bet,No_bet,No_bet,No_bet,No_bet,No_bet,No_bet,No_bet
25/03,13:45,AEK Athens II,Apollon Smyrnis,8.50,3.50,1.45,O,2.15,U,1.60,Yes,2.27,No,1.53
25/03,13:45,HIK Hellerup,Brabrand IF,1.80,3.60,3.85,O,1.70,U,1.98,Yes,1.65,No,2.05
25/03,14:00,CF Panaderia Pulido,CD Marino,1.65,3.65,4.85,O,2.05,U,1.65,Yes,2.05,No,1.65
25/03,14:00,Sevilla FC U19,Polillas U19,1.04,11.50,25.00,Yes,2.15,No,1.60,No_bet,No_bet,No_bet,No_bet
25/03,14:00,Rusadir U19,Recreativo Huelva U19,2.50,3.90,2.32,O,1.47,U,2.47,Yes,1.44,No,2.52
25/03,14:00,Atletico Madrid (W) II,Athletic Bilbao (W) C,1.39,4.65,6.00,No_bet,No_bet,No_bet,No_bet,No_bet,No_bet,No_bet,No_bet
25/03,14:00,Real Union Tenerife (W) II,Pena La Amistad (W),5.20,4.85,1.42,No_bet,No_bet,No_bet,No_bet,No_bet,No_bet,No_bet,No_bet
25/03,14:00,SV Lichtenberg 47,SV Babelsberg 03,3.30,3.70,1.98,O,1.75,U,1.95,Yes,1.70,No,2.05
25/03,14:00,Werder Bremen C,ESC Geestemunde,5.70,5.30,1.36,No_bet,No_bet,No_bet,No_bet,No_bet,No_bet,No_bet,No_bet
25/03,14:00,FSV Budissa Bautzen,SV Westerhausen,1.52,4.35,4.80,No_bet,No_bet,No_bet,No_bet,No_bet,No_bet,No_bet,No_bet
25/03,14:00,BFC Dynamo,VSG Altglienicke,2.50,3.40,2.47,O,1.57,U,2.25,No_bet,No_bet,No_bet,No_bet
25/03,14:00,Egersunds,Brodd,1.32,5.30,6.40,No_bet,No_bet,No_bet,No_bet,No_bet,No_bet,No_bet,No_bet
25/03,14:00,HNK Sibenik,Zrinjski Mostar,2.62,3.60,2.27,No_bet,No_bet,No_bet,No_bet,No_bet,No_bet,No_bet,No_bet
25/03,14:00,Carrick Rangers U20,Coleraine U20,2.50,4.15,2.18,No_bet,No_bet,No_bet,No_bet,No_bet,No_bet,No_bet,No_bet
25/03,14:00,FK Zeljeznicar Banjaluka,Sutjeska Foca,1.39,4.55,6.20,O,1.55,U,2.30,No_bet,No_bet,No_bet,No_bet
25/03,14:00,Dalum IF,Naesby BK,15.00,6.60,1.14,No_bet,No_bet,No_bet,No_bet,No_bet,No_bet,No_bet,No_bet
25/03,14:00,Aalborg BK II,VRI,1.65,4.00,4.10,No_bet,No_bet,No_bet,No_bet,No_bet,No_bet,No_bet,No_bet
25/03,14:00,Karlslunde IF,Herstedoster IC,1.37,5.00,6.00,No_bet,No_bet,No_bet,No_bet,No_bet,No_bet,No_bet,No_bet
25/03,14:00,Oks Odense,Tarup-Paarup,2.72,3.70,2.18,O,1.60,U,2.22,No_bet,No_bet,No_bet,No_bet
25/03,14:00,ASA Aarhus,Aarhus Fremad II,3.75,3.85,1.75,No_bet,No_bet,No_bet,No_bet,No_bet,No_bet,No_bet,No_bet
25/03,14:00,Otterup B & IK,Hedensted IF,5.40,4.50,1.44,No_bet,No_bet,No_bet,No_bet,No_bet,No_bet,No_bet,No_bet
25/03,14:00,Viby,FC Djursland,1.28,5.60,7.20,No_bet,No_bet,No_bet,No_bet,No_bet,No_bet,No_bet,No_bet
25/03,14:00,Frederikssund IK,BK Avarta,3.75,3.70,1.78,O,1.55,U,2.30,No_bet,No_bet,No_bet,No_bet
25/03,14:00,Fortuna Hjørring (W),HB Koge (W),3.25,3.25,2.07,O,2.12,U,1.65,No_bet,No_bet,No_bet,No_bet
25/03,14:00,Roaring Leopard FC,Singling SC,1.62,3.95,4.35,No_bet,No_bet,No_bet,No_bet,No_bet,No_bet,No_bet,No_bet
25/03,14:00,Cork City (W),Wexford FC (W),17.50,6.70,1.12,No_bet,No_bet,No_bet,No_bet,No_bet,No_bet,No_bet,No_bet
25/03,14:00,Vihiga United,Naivas,3.35,3.20,2.05,O,2.15,U,1.62,No_bet,No_bet,No_bet,No_bet
25/03,14:00,Kisumu All Stars,Shabana,3.05,2.77,2.42,No_bet,No_bet,No_bet,No_bet,No_bet,No_bet,No_bet,No_bet
25/03,14:00,NK Trnje Zagreb,NK Marsonia 1909,1.62,3.70,4.75,O,1.55,U,2.30,No_bet,No_bet,No_bet,No_bet
25/03,14:00,Honefoss (W),Ovrevoll Hosle (W),3.15,3.55,2.00,No_bet,No_bet,No_bet,No_bet,No_bet,No_bet,No_bet,No_bet
25/03,14:00,Znicz Pruszkow,Olimpia Elblag,2.00,3.10,3.70,O,2.00,U,1.70,Yes,1.80,No,1.87
25/03,14:00,Polonia Nysa,Warta Gorzow Wielkopolski,2.18,3.50,2.82,O,1.72,U,2.00,No_bet,No_bet,No_bet,No_bet
25/03,14:00,Unia Swarzedz,Zawisza Bydgoszcz,2.67,3.40,2.30,O,1.70,U,2.05,No_bet,No_bet,No_bet,No_bet
25/03,14:00,SK Dynamo Ceske Budejovice U19,1. FC Slovacko U19,2.10,3.60,2.90,O,1.65,U,2.10,No_bet,No_bet,No_bet,No_bet
25/03,14:15,1 FK Pribram U19,MFK Karvina U19,8.50,5.60,1.24,No_bet,No_bet,No_bet,No_bet,No_bet,No_bet,No_bet,No_bet
25/03,14:30,Slough Town,Ebbsfleet United,6.20,4.40,1.45,O,1.70,U,2.05,Yes,1.90,No,1.82
25/03,14:30,UD Tamaraceite,CD Tenerife II,2.27,3.10,3.10,O,2.25,U,1.55,Yes,1.95,No,1.72
25/03,14:30,Granada CF (W),Athletic Bilbao (W) II,1.50,4.10,5.30,O,1.72,U,2.00,No_bet,No_bet,No_bet,No_bet
25/03,14:30,Etsv Weiche Flensburg,Atlas Delmenhorst,1.53,4.15,5.50,O,1.65,U,2.12,Yes,1.75,No,1.98
25/03,14:30,Myanmar,Kyrgyzstan,6.50,4.40,1.39,O,1.70,U,2.05,No_bet,No_bet,No_bet,No_bet
25/03,14:30,Politehnica Iasi,FC Botosani,2.70,3.50,2.32,O,1.72,U,1.95,Yes,1.62,No,2.12
25/03,14:30,RSC Anderlecht (W),Oud-Heverlee Leuven (W),3.10,3.65,1.98,No_bet,No_bet,No_bet,No_bet,No_bet,No_bet,No_bet,No_bet
25/03,14:30,Vasco da Gama RJ (W),Fluminense RJ (W),3.85,3.55,1.80,No_bet,No_bet,No_bet,No_bet,No_bet,No_bet,No_bet,No_bet
25/03,14:30,Norresundby,Kjellerup,1.53,4.50,4.40,No_bet,No_bet,No_bet,No_bet,No_bet,No_bet,No_bet,No_bet
25/03,14:30,Marienlyst,Holbaek,2.50,3.55,2.40,O,1.60,U,2.22,No_bet,No_bet,No_bet,No_bet
25/03,14:30,KFUM BK Roskilde,Tårnby FF,2.70,3.55,2.22,O,1.70,U,2.02,No_bet,No_bet,No_bet,No_bet
25/03,14:30,Esperance Sportive Zarzis,JS Omrane,1.75,3.10,4.80,No_bet,No_bet,No_bet,No_bet,No_bet,No_bet,No_bet,No_bet
25/03,14:30,AS Djerba,Kalaa Sport,2.85,2.60,2.77,No_bet,No_bet,No_bet,No_bet,No_bet,No_bet,No_bet,No_bet
25/03,14:30,EM Mahdia,SC Moknine,2.12,2.90,3.50,No_bet,No_bet,No_bet,No_bet,No_bet,No_bet,No_bet,No_bet
25/03,14:30,Sporting Ben Arous,Gawafel Gafsah,4.10,2.85,1.98,No_bet,No_bet,No_bet,No_bet,No_bet,No_bet,No_bet,No_bet
25/03,14:30,Stade Sportif Sfaxien,Club S Hammam-Lif,4.60,2.95,1.83,No_bet,No_bet,No_bet,No_bet,No_bet,No_bet,No_bet,No_bet
25/03,14:45,Dijon FCO (W),Rodez AF (W),2.47,3.05,2.72,O,1.70,U,2.05,No_bet,No_bet,No_bet,No_bet
25/03,14:45,Stade de Reims (W),Soyaux (W),1.50,4.10,5.30,No_bet,No_bet,No_bet,No_bet,No_bet,No_bet,No_bet,No_bet
25/03,14:45,FC Girondins Bordeaux (W),Paris FC (W),8.50,5.50,1.25,No_bet,No_bet,No_bet,No_bet,No_bet,No_bet,No_bet,No_bet
25/03,14:45,FC Ilves,TPS,1.47,4.60,5.00,No_bet,No_bet,No_bet,No_bet,No_bet,No_bet,No_bet,No_bet
25/03,14:45,FA 2000,Vanlose IF,1.93,3.50,3.40,O,1.78,U,1.93,No_bet,No_bet,No_bet,No_bet
25/03,15:00,OFI Crete U19,PAS Giannina U19,2.02,3.25,3.50,O,1.75,U,1.93,Yes,1.60,No,2.15
25/03,15:00,Blackburn Rovers U21,Arsenal U21,2.07,3.90,2.87,O,1.44,U,2.52,Yes,1.42,No,2.57
25/03,15:00,Rot Weiss Essen,SV Wehen Wiesbaden,3.05,3.45,2.22,O,1.78,U,1.95,Yes,1.65,No,2.12
25/03,15:00,SV Meppen,FC Erzgebirge Aue,2.95,3.50,2.25,O,1.78,U,1.98,Yes,1.65,No,2.12
25/03,15:00,SC Verl,SV Elversberg,3.80,3.80,1.85,O,1.57,U,2.30,Yes,1.55,No,2.32
25/03,15:00,SV Waldhof Mannheim,VfL Osnabruck,2.25,3.50,2.95,O,1.70,U,2.07,Yes,1.55,No,2.30
25/03,15:00,Dynamo Dresden,SpVgg Bayreuth,1.36,5.00,7.40,O,1.53,U,2.40,Yes,1.80,No,1.91
25/03,15:00,VfB Oldenburg,FC Viktoria Köln,3.00,3.45,2.25,O,1.75,U,2.00,Yes,1.60,No,2.18
25/03,15:00,Kickers Emden,Holstein Kiel II,5.30,4.05,1.55,O,1.75,U,1.95,Yes,1.85,No,1.85
25/03,15:00,BSV Rehden,FC Teutonia Ottensen,2.95,3.60,2.15,O,1.60,U,2.18,Yes,1.53,No,2.35
25/03,15:00,SV Lippstadt 08,Fortuna Dusseldorf II,2.30,3.40,2.82,O,1.65,U,2.10,Yes,1.55,No,2.30
25/03,15:00,Rodinghausen,Fortuna Koln,2.20,3.35,3.10,O,1.93,U,1.78,Yes,1.75,No,1.95
25/03,15:00,FC Bocholt,SC Preussen Münster,7.60,4.85,1.35,O,1.53,U,2.32,Yes,1.82,No,1.88
25/03,15:00,1. FC Kaan-Marienborn,1. FC Düren,2.77,3.35,2.37,O,1.90,U,1.82,Yes,1.72,No,2.02
25/03,15:00,FSV Mainz 05 II,TSG 1899 Hoffenheim II,3.30,3.40,2.07,O,1.87,U,1.85,Yes,1.72,No,2.00
25/03,15:00,VfB Stuttgart II,SGV Freiberg,1.70,4.05,4.10,O,1.60,U,2.18,Yes,1.65,No,2.12
25/03,15:00,KSV Hessen Kassel,FC Homburg,3.25,3.65,2.00,O,1.72,U,2.00,Yes,1.65,No,2.10
25/03,15:00,Eintracht Trier,SG Barockstadt Fulda-Lehnerz,3.20,3.50,2.07,O,1.72,U,2.02,Yes,1.60,No,2.18
25/03,15:00,Bahlinger SC,Wormatia Worms,1.91,3.40,3.80,O,2.05,U,1.70,Yes,1.90,No,1.80
25/03,15:00,TSV Steinbach,FC Rot-Weiss Koblenz,1.27,5.30,9.50,O,1.60,U,2.18,Yes,2.10,No,1.65
25/03,15:00,SSV Ulm 1846,FSV Frankfurt,1.44,4.35,6.30,O,1.75,U,1.98,Yes,1.95,No,1.75
25/03,15:00,SV Turkgucu Munich,VfB Eichstatt,1.91,3.45,3.75,O,1.70,U,2.02,Yes,1.60,No,2.20
25/03,No_bet,No_bet,No_bet,No_bet,No_bet,No_bet,No_bet,No_bet,No_bet,No_bet,No_bet,No_bet,No_bet,No_bet
TSV Rain/Lech,SPVGG Ansbach,2.50,3.35,2.60,O,1.78,U,1.93,Yes,1.62,No,2.15,No_bet,No_bet
25/03,15:00,SpVgg Greuther Furth II,FV Illertissen,2.85,3.35,2.32,O,1.80,U,1.91,Yes,1.65,No,2.12
25/03,15:00,Hankofen Hailing,SpVgg Unterhaching,6.60,4.40,1.42,O,1.75,U,1.95,Yes,2.00,No,1.72
25/03,15:00,TSV Aubstadt,TSV Buchbach,1.72,3.85,4.15,O,1.72,U,2.00,Yes,1.72,No,2.00
25/03,15:00,Wurzburger Kickers,FC Schweinfurt 05,1.39,4.80,6.60,O,1.55,U,2.32,Yes,1.78,No,1.93
25/03,15:00,Göppinger SV,Neckarsulm Sport Union,1.65,4.05,4.05,No_bet,No_bet,No_bet,No_bet,No_bet,No_bet,No_bet,No_bet
25/03,15:00,Stuttgarter Kickers,FV Ravensburg,1.05,9.25,25.00,No_bet,No_bet,No_bet,No_bet,No_bet,No_bet,No_bet,No_bet
25/03,15:00,DJK Gebenbach,SpVgg Bayern Hof,1.53,4.20,4.80,No_bet,No_bet,No_bet,No_bet,No_bet,No_bet,No_bet,No_bet
25/03,15:00,TSV Kornburg,SC Eltersdorf,5.70,4.55,1.42,No_bet,No_bet,No_bet,No_bet,No_bet,No_bet,No_bet,No_bet
25/03,15:00,1. FC Geesdorf,SV Donaustauf,11.75,6.60,1.16,No_bet,No_bet,No_bet,No_bet,No_bet,No_bet,No_bet,No_bet
25/03,15:00,Eintracht Bamberg,TSV Grossbardorf,1.37,4.90,6.10,No_bet,No_bet,No_bet,No_bet,No_bet,No_bet,No_bet,No_bet
25/03,15:00,ASV Neumarkt,SpVgg SV Weiden,1.57,4.15,4.45,No_bet,No_bet,No_bet,No_bet,No_bet,No_bet,No_bet,No_bet
25/03,15:00,TSV 1860 Munchen II,TSV 1874 Kottern,2.10,3.85,2.75,No_bet,No_bet,No_bet,No_bet,No_bet,No_bet,No_bet,No_bet
25/03,15:00,TSV 1860 Rosenheim,SV Erlbach,4.00,3.85,1.70,O,1.70,U,2.05,No_bet,No_bet,No_bet,No_bet
25/03,15:00,FC Deisenhofen,VFB Hallbergmoos,1.26,5.40,8.25,No_bet,No_bet,No_bet,No_bet,No_bet,No_bet,No_bet,No_bet
25/03,15:00,1865 Dachau,FC Memmingen,3.65,3.75,1.78,O,1.65,U,2.10,No_bet,No_bet,No_bet,No_bet
25/03,15:00,No_bet,No_bet,No_bet,No_bet,No_bet,No_bet,No_bet,No_bet,No_bet,No_bet,No_bet,No_bet,No_bet
1 FC Germ Egestorf/Langreder,2.30,3.80,2.50,No_bet,No_bet,No_bet,No_bet,No_bet,No_bet,No_bet,No_bet,No_bet,No_bet,No_bet
25/03,15:00,FC Hansa Lüneburg,VfL Oldenburg,4.15,4.10,1.62,No_bet,No_bet,No_bet,No_bet,No_bet,No_bet,No_bet,No_bet
25/03,15:00,Dynamo Schwerin,FSV Optik Rathenow,1.95,3.95,3.00,No_bet,No_bet,No_bet,No_bet,No_bet,No_bet,No_bet,No_bet
25/03,15:00,SV Eintracht 1949,FSV Union Fürstenwalde,2.02,3.70,3.00,No_bet,No_bet,No_bet,No_bet,No_bet,No_bet,No_bet,No_bet
25/03,15:00,VfB Auerbach,VfL Halle 96,2.18,3.70,2.70,O,1.57,U,2.25,No_bet,No_bet,No_bet,No_bet
25/03,15:00,FC Eilenburg,Bischofswerdaer FV,1.50,4.35,4.85,No_bet,No_bet,No_bet,No_bet,No_bet,No_bet,No_bet,No_bet
25/03,15:00,Union Sandersdorf,SC Freital,2.82,3.45,2.20,O,1.85,U,1.85,No_bet,No_bet,No_bet,No_bet
25/03,15:00,Union Neumunster,Heider SV,2.20,4.00,2.55,No_bet,No_bet,No_bet,No_bet,No_bet,No_bet,No_bet,No_bet
25/03,15:00,TSV Pansdorf,Husumer SV,2.32,4.10,2.35,No_bet,No_bet,No_bet,No_bet,No_bet,No_bet,No_bet,No_bet
25/03,15:00,FC Carl Zeiss Jena,ZFC Meuselwitz,1.42,4.55,5.70,No_bet,No_bet,No_bet,No_bet,No_bet,No_bet,No_bet,No_bet
25/03,15:00,TSV 1860 Munich U19,FC Bayern Munchen U19,2.40,3.90,2.40,O,1.45,U,2.47,Yes,1.44,No,2.55
25/03,15:00,FC Viktoria 1889 Berlin U19,Hertha 03 Zehlendorf U19,3.15,3.95,1.93,O,1.42,U,2.57,Yes,1.42,No,2.57
25/03,15:00,Altay SK,Manisa FK,3.40,3.35,2.05,O,1.93,U,1.78,Yes,1.78,No,1.93
25/03,15:00,Croatia U19,Sweden U19,1.78,3.55,4.00,O,1.70,U,2.00,Yes,1.65,No,2.07
25/03,15:00,Poland U19,Latvia U19,1.28,5.00,9.00,O,1.62,U,2.10,Yes,2.10,No,1.62
25/03,15:00,France U20,Netherlands U20,1.85,3.75,3.55,O,1.70,U,1.98,Yes,1.65,No,2.05
25/03,15:00,North Macedonia U21,Finland U21,2.87,3.30,2.27,O,1.95,U,1.72,Yes,1.78,No,1.90
25/03,15:00,Aalesunds FK,Molde FK,5.00,4.55,1.50,O,1.42,U,2.60,Yes,1.55,No,2.25
25/03,15:00,SR Fach Donaufeld,Scheiblingkirchen-Warth Usv,2.12,3.40,3.00,O,1.60,U,2.20,No_bet,No_bet,No_bet,No_bet
25/03,15:00,FC OHV Stadlau,Favoritner AC,3.05,3.65,2.02,No_bet,No_bet,No_bet,No_bet,No_bet,No_bet,No_bet,No_bet
25/03,15:00,Flamengo RJ U20,Portuguesa RJ U20,1.21,5.50,11.25,O,1.55,U,2.30,No_bet,No_bet,No_bet,No_bet
25/03,15:00,Botafogo RJ U20,Bangu U20,1.39,4.45,6.30,O,1.62,U,2.15,No_bet,No_bet,No_bet,No_bet
25/03,15:00,Fluminense RJ U20,Boavista RJ U20,1.21,5.50,11.25,O,1.55,U,2.30,No_bet,No_bet,No_bet,No_bet
25/03,15:00,Young Boys FD,VSK Aarhus,2.62,3.35,2.40,O,1.70,U,2.02,No_bet,No_bet,No_bet,No_bet
25/03,15:00,Middelfart BK,Oure FA,1.22,5.70,9.25,No_bet,No_bet,No_bet,No_bet,No_bet,No_bet,No_bet,No_bet
25/03,15:00,AB Tarnby,IF Lyseng,2.20,3.40,2.85,O,1.60,U,2.20,No_bet,No_bet,No_bet,No_bet
25/03,15:00,Holstebro BK,Ishoej IF,3.30,3.40,1.98,O,1.62,U,2.15,No_bet,No_bet,No_bet,No_bet
25/03,15:00,Odder IGF,Vejgaard BSK,3.30,3.75,1.88,No_bet,No_bet,No_bet,No_bet,No_bet,No_bet,No_bet,No_bet
25/03,15:00,Bronshoj BK,Ringkøbing IF,1.70,3.85,4.00,No_bet,No_bet,No_bet,No_bet,No_bet,No_bet,No_bet,No_bet
25/03,15:00,Aarhus GF (W),FC Nordsjælland (W),3.10,3.60,2.00,O,1.72,U,2.00,No_bet,No_bet,No_bet,No_bet
25/03,15:00,Black Rhinos FC,Highlanders FC,2.32,2.80,3.20,No_bet,No_bet,No_bet,No_bet,No_bet,No_bet,No_bet,No_bet
25/03,15:00,Chicken Inn,Simba Bhora,1.35,4.20,8.00,O,2.05,U,1.70,No_bet,No_bet,No_bet,No_bet
25/03,15:00,Hapoel Bnei Zalfa,Maccabi Tamra,1.70,3.75,4.30,O,1.62,U,2.10,Yes,1.62,No,2.12
25/03,15:00,Fortuna Mfou,APEJES Academy,2.87,3.20,2.30,O,2.00,U,1.72,No_bet,No_bet,No_bet,No_bet
25/03,15:00,Mladost Zdralovi,Opatija,2.22,3.20,2.95,O,1.95,U,1.75,No_bet,No_bet,No_bet,No_bet
25/03,15:00,Jadran Porec,Jadran Luka Ploce,3.95,3.85,1.70,O,1.65,U,2.10,No_bet,No_bet,No_bet,No_bet
25/03,15:00,Cibalia U19,NK Slaven Belupo U19,2.45,3.55,2.45,O,1.70,U,2.05,No_bet,No_bet,No_bet,No_bet
25/03,15:00,Lietava Jonava,Riteriai II,1.65,3.95,4.15,O,1.62,U,2.15,No_bet,No_bet,No_bet,No_bet
25/03,15:00,Uganda Revenue Authority,Busoga United,1.57,3.50,5.80,O,2.20,U,1.60,No_bet,No_bet,No_bet,No_bet
25/03,15:00,Danubio FC,Deportivo Maldonado,2.27,3.05,3.30,O,2.50,U,1.50,Yes,2.10,No,1.65
25/03,15:00,Siarka Tarnobrzeg,Kotwica Kolobrzeg,3.55,3.35,1.98,O,1.93,U,1.75,Yes,1.78,No,1.88
25/03,15:00,Unia Solec Kujawski,Gedania Gdansk,4.80,4.15,1.53,O,1.60,U,2.22,No_bet,No_bet,No_bet,No_bet
25/03,15:00,ACS Kids Tampa Brasov,Olimpic Cetate Rasnov,3.35,3.30,2.02,O,1.85,U,1.85,No_bet,No_bet,No_bet,No_bet
25/03,15:00,CS Lotus Baile Felix,CSM Satu Mare,1.91,3.40,3.55,O,1.75,U,1.98,No_bet,No_bet,No_bet,No_bet
25/03,15:00,Real Bradu,Flacara Moreni,2.47,3.45,2.47,O,1.65,U,2.12,No_bet,No_bet,No_bet,No_bet
25/03,15:00,KSE Targu Secuiesc,CS Paulesti,2.02,3.40,3.20,O,1.78,U,1.93,No_bet,No_bet,No_bet,No_bet
25/03,15:00,ASC Olimpic Zarnesti,CS Blejoi,6.40,4.55,1.38,O,1.57,U,2.25,No_bet,No_bet,No_bet,No_bet
25/03,15:00,CS Afumati,AFC Dunarea 2005 Calarasi,1.40,4.60,6.00,No_bet,No_bet,No_bet,No_bet,No_bet,No_bet,No_bet,No_bet
25/03,15:00,Universitatea Craiova II,Flacara Horezu,2.52,3.25,2.52,O,1.95,U,1.75,No_bet,No_bet,No_bet,No_bet
25/03,15:00,CSO Plopeni,SR Municipal Brasov,2.10,3.15,3.30,O,2.02,U,1.70,No_bet,No_bet,No_bet,No_bet
25/03,15:00,SC Popesti-Leordeni,Unirea Bascov,1.80,3.70,3.70,O,1.60,U,2.18,No_bet,No_bet,No_bet,No_bet
25/03,15:00,Aerostar Bacau,CS Sporting Liesti,1.34,5.00,6.40,No_bet,No_bet,No_bet,No_bet,No_bet,No_bet,No_bet,No_bet
25/03,15:00,Avantul Reghin,Unirea Ungheni,2.45,3.35,2.55,O,1.75,U,1.98,No_bet,No_bet,No_bet,No_bet
25/03,15:00,CS Gilortul Targu Carbunesti,CSM Deva,4.90,4.25,1.52,No_bet,No_bet,No_bet,No_bet,No_bet,No_bet,No_bet,No_bet
25/03,15:00,CSM Resita,CS Crisul Chisineu Cris,1.44,4.35,5.80,O,1.60,U,2.20,No_bet,No_bet,No_bet,No_bet
25/03,15:00,CS Universitatea din Alba Iulia,Corvinul 1921 Hunedoara,9.25,5.70,1.23,No_bet,No_bet,No_bet,No_bet,No_bet,No_bet,No_bet,No_bet
25/03,15:00,FK Csikszereda Miercurea Ciuc II,CSM Bacau,4.50,3.80,1.62,O,1.60,U,2.20,No_bet,No_bet,No_bet,No_bet
25/03,15:00,AFC Metalul Buzau,CS Viitorul Ianca,1.07,8.75,20.00,No_bet,No_bet,No_bet,No_bet,No_bet,No_bet,No_bet,No_bet
25/03,15:00,Metalurgistul Cugir,CSM Unirea Alba Iulia,2.15,3.75,2.72,No_bet,No_bet,No_bet,No_bet,No_bet,No_bet,No_bet,No_bet
25/03,15:00,ACS Minerul 1947 Ocna Dej,CFR Cluj II,1.52,4.20,4.90,O,1.60,U,2.22,No_bet,No_bet,No_bet,No_bet
25/03,15:00,CSO Petrolul Potcoava,Cetatea Turnu Magurele,3.30,3.25,2.05,O,1.91,U,1.80,No_bet,No_bet,No_bet,No_bet
25/03,15:00,AS FC Pucioasa,CS Dinamo Bucuresti,5.60,4.30,1.45,No_bet,No_bet,No_bet,No_bet,No_bet,No_bet,No_bet,No_bet
25/03,15:00,Soimii Lipova,Pobeda Star Bisnov,1.52,4.15,5.00,O,1.62,U,2.15,No_bet,No_bet,No_bet,No_bet
25/03,15:00,CS Sporting Rosiori,Vedita Colonesti,1.75,3.75,3.75,O,1.62,U,2.15,No_bet,No_bet,No_bet,No_bet
25/03,15:00,CS Stiinta Miroslava,Viitorul Darabani,1.38,4.70,6.10,No_bet,No_bet,No_bet,No_bet,No_bet,No_bet,No_bet,No_bet
25/03,15:00,CSM Victoria Carei,Gloria 2018 Bistrita Nasaud,8.75,5.90,1.22,No_bet,No_bet,No_bet,No_bet,No_bet,No_bet,No_bet,No_bet
25/03,15:00,Academia de Fotbal Viitorul Cluj,CS Sanatatea Cluj,2.30,3.50,2.65,O,1.62,U,2.15,No_bet,No_bet,No_bet,No_bet
25/03,15:00,Viitorul Daesti,Minerul Costesti,1.10,7.50,18.00,No_bet,No_bet,No_bet,No_bet,No_bet,No_bet,No_bet,No_bet
25/03,15:00,Vointa Lupac,ACSO Filiasi,3.30,3.50,1.95,O,1.62,U,2.15,No_bet,No_bet,No_bet,No_bet
25/03,15:00,SCM Zalau,FC Bihor Oradea,1.85,3.55,3.65,O,1.75,U,1.98,No_bet,No_bet,No_bet,No_bet
25/03,15:00,CSM Focsani 2007,CSM Ramnicu Sarat,1.93,3.60,3.30,O,1.78,U,1.93,No_bet,No_bet,No_bet,No_bet
25/03,15:00,MFk Chrudim,FK MAS Táborsko,2.10,3.30,3.35,O,1.93,U,1.78,Yes,1.75,No,1.98
25/03,15:00,FC Banik Ostrava U19,FK Mlada Boleslav U19,1.98,3.75,3.05,O,1.57,U,2.25,No_bet,No_bet,No_bet,No_bet
25/03,15:00,FC Prague (W),SK Sigma Olomouc (W),1.50,4.40,4.85,No_bet,No_bet,No_bet,No_bet,No_bet,No_bet,No_bet,No_bet
25/03,15:15,MS Tzeirey Kfar Kana U19,Maccabi Achi Nazareth U19,4.90,4.45,1.50,No_bet,No_bet,No_bet,No_bet,No_bet,No_bet,No_bet,No_bet
25/03,15:30,SS Turris Calcio,ACR Messina,2.45,3.00,2.95,O,2.35,U,1.53,Yes,2.00,No,1.72
25/03,15:30,US Foggia,Nuova Monterosi,1.62,3.65,5.30,O,2.15,U,1.62,Yes,2.15,No,1.62
25/03,15:30,AS Giugliano Calcio 1928,SSD Fidelis Andria 2018,2.12,3.10,3.55,O,2.50,U,1.47,Yes,2.15,No,1.62
25/03,15:30,US Latina Calcio,FC Crotone,3.60,3.10,2.10,O,2.35,U,1.53,Yes,2.05,No,1.70
25/03,15:30,Picerno,Gelbison Vallo,1.75,3.30,4.85,O,2.57,U,1.45,Yes,2.42,No,1.50
25/03,15:30,AC Renate,Biancoscudati Padova,3.20,3.05,2.27,O,2.22,U,1.60,Yes,1.93,No,1.78
25/03,15:30,Trento Calcio 1921,Feralpisalo,3.40,2.95,2.22,O,2.50,U,1.47,Yes,2.10,No,1.65
25/03,15:30,Viterbese Castrense,Audace Cerignola,3.20,3.00,2.32,O,2.50,U,1.47,Yes,2.10,No,1.65
25/03,15:30,Bari U19,Juve Stabia U19,1.78,3.80,3.60,No_bet,No_bet,No_bet,No_bet,No_bet,No_bet,No_bet,No_bet
25/03,15:30,Foggia U19,SS Turris Calcio U19,1.52,4.15,5.00,No_bet,No_bet,No_bet,No_bet,No_bet,No_bet,No_bet,No_bet
25/03,15:30,AS Lucchese Libertas U19,Pro Sesto U19,2.35,3.50,2.57,O,1.55,U,2.30,No_bet,No_bet,No_bet,No_bet
25/03,15:30,Palermo U19,Catanzaro U19,1.57,4.15,4.45,No_bet,No_bet,No_bet,No_bet,No_bet,No_bet,No_bet,No_bet
25/03,15:30,Piacenza U19,Modena U19,2.27,3.55,2.65,No_bet,No_bet,No_bet,No_bet,No_bet,No_bet,No_bet,No_bet
25/03,15:30,Vis Pesaro U19,Olbia Calcio U19,2.45,3.60,2.42,O,1.62,U,2.18,No_bet,No_bet,No_bet,No_bet
25/03,15:30,Arzignano Valchiampo U19,Rimini Calcio U19,3.25,3.60,1.95,No_bet,No_bet,No_bet,No_bet,No_bet,No_bet,No_bet,No_bet
25/03,15:30,US Pergolettese U19,Pro Patria U19,2.42,3.75,2.40,No_bet,No_bet,No_bet,No_bet,No_bet,No_bet,No_bet,No_bet
25/03,15:30,Virtus Vecomp Verona U19,Novara U19,2.62,3.60,2.27,O,1.57,U,2.25,No_bet,No_bet,No_bet,No_bet
25/03,15:30,Inter Milan (W),Juventus FC (W),2.85,3.60,2.12,O,1.72,U,2.02,No_bet,No_bet,No_bet,No_bet
25/03,15:30,Ternana (W),SS Arezzo (W),1.32,4.65,7.70,No_bet,No_bet,No_bet,No_bet,No_bet,No_bet,No_bet,No_bet
25/03,15:30,1. FC Nurnberg II,SV Viktoria Aschaffenburg,2.02,3.60,3.25,O,1.70,U,2.05,Yes,1.62,No,2.18
25/03,15:30,KSV Baunatal,Rot-Weiss Hadamar,1.80,3.95,3.40,No_bet,No_bet,No_bet,No_bet,No_bet,No_bet,No_bet,No_bet
25/03,15:30,Arminia Ludwigshafen,TSG Pfeddersheim,2.22,3.70,2.65,No_bet,No_bet,No_bet,No_bet,No_bet,No_bet,No_bet,No_bet
25/03,15:30,OFC Oostzaan,FC Lisse,3.65,3.75,1.82,O,1.57,U,2.20,Yes,1.55,No,2.25
25/03,15:30,Excelsior Maassluis,Noordwijk,2.77,3.40,2.30,O,1.70,U,2.00,Yes,1.57,No,2.22
25/03,15:30,Scheveningen,FC Volendam II,1.78,3.70,3.85,O,1.65,U,2.05,Yes,1.65,No,2.07
25/03,15:30,Acv Assen,Bvv Barendrecht,2.02,3.65,3.00,O,1.60,U,2.18,No_bet,No_bet,No_bet,No_bet
25/03,15:30,Dovo Veenendaal,GVVV,2.75,3.85,2.10,No_bet,No_bet,No_bet,No_bet,No_bet,No_bet,No_bet,No_bet
25/03,15:30,SC Landskron,ASKO Gmund,2.42,3.25,2.62,O,1.75,U,1.95,No_bet,No_bet,No_bet,No_bet
25/03,15:30,Podrinje Janja,FK Kozara Gradiska,1.70,3.45,4.50,O,1.85,U,1.85,No_bet,No_bet,No_bet,No_bet
25/03,15:30,Persebaya Surabaya,Persikabo 1973,2.32,3.35,2.77,O,1.75,U,1.93,Yes,1.62,No,2.12
25/03,15:30,Keflavik IF (W),Tindastoll (W),1.95,4.00,2.95,No_bet,No_bet,No_bet,No_bet,No_bet,No_bet,No_bet,No_bet
25/03,15:30,Jubilee FC,Nimba Kwado,2.77,3.20,2.35,O,2.20,U,1.60,No_bet,No_bet,No_bet,No_bet
25/03,15:30,FK Humenne,MFk Dolny Kubin,1.50,4.25,5.40,O,1.65,U,2.07,Yes,1.78,No,1.88
25/03,15:30,FK Slavoj Trebisov,1. FC Tatran Presov,3.75,3.55,1.85,O,1.87,U,1.80,Yes,1.80,No,1.88
25/03,15:30,MSK Puchov,Raca Bratislava,1.60,3.95,4.80,O,1.57,U,2.20,Yes,1.62,No,2.10
25/03,15:30,MFK Dubnica nad Vahom,FK Povazska Bystrica,2.47,3.30,2.60,O,1.75,U,1.93,Yes,1.60,No,2.15
25/03,15:30,AFC Nove Mesto Nad Vahom,Ok Castkovce,3.20,3.70,1.93,O,1.57,U,2.25,No_bet,No_bet,No_bet,No_bet
25/03,15:30,MSK Namestovo,Filakovo,2.05,3.65,2.92,No_bet,No_bet,No_bet,No_bet,No_bet,No_bet,No_bet,No_bet
25/03,15:30,FK Slovan Duslo Sala,Vrakuna,1.27,5.40,7.80,No_bet,No_bet,No_bet,No_bet,No_bet,No_bet,No_bet,No_bet
25/03,15:30,FC Slovan Giraltovce,MSK Tesla Stropkov,3.20,3.70,1.93,O,1.57,U,2.25,No_bet,No_bet,No_bet,No_bet
25/03,15:30,SK Novohrad Lucenec,SK Odeva Lipany,5.50,4.60,1.42,No_bet,No_bet,No_bet,No_bet,No_bet,No_bet,No_bet,No_bet
25/03,15:30,SKF Sered,RSC Hamsik Academy Banska Bystrica,1.78,3.70,3.80,O,1.78,U,1.93,No_bet,No_bet,No_bet,No_bet
25/03,15:30,MFk Ruzomberok (W),SK Slovan Bratislava (W),3.80,4.10,1.70,No_bet,No_bet,No_bet,No_bet,No_bet,No_bet,No_bet,No_bet
25/03,15:30,TJ Prestice,Sokol Hostoun,2.05,3.70,2.95,O,1.62,U,2.18,No_bet,No_bet,No_bet,No_bet
25/03,15:30,GrIFK U20,TPS U20,1.47,4.55,4.90,No_bet,No_bet,No_bet,No_bet,No_bet,No_bet,No_bet,No_bet
25/03,15:45,Hakoach Maccabi Amidar Ramat Gan U19,Gadna Tel Aviv U19,1.91,3.85,3.15,No_bet,No_bet,No_bet,No_bet,No_bet,No_bet,No_bet,No_bet
25/03,16:00,Pro Vercelli U19,FC Sudtirol U19,2.95,3.30,2.18,O,1.60,U,2.20,No_bet,No_bet,No_bet,No_bet
25/03,16:00,Holzhausen,1. FC Pforzheim 1896,3.40,4.10,1.78,No_bet,No_bet,No_bet,No_bet,No_bet,No_bet,No_bet,No_bet
25/03,16:00,FSV 08 Bissingen,FC 08 Villingen,2.10,3.65,2.85,No_bet,No_bet,No_bet,No_bet,No_bet,No_bet,No_bet,No_bet
25/03,16:00,SV Schalding-Heining,FC 1920 Gundelfingen,1.44,4.35,5.60,O,1.60,U,2.20,No_bet,No_bet,No_bet,No_bet
25/03,16:00,OSC Bremerhaven,FC Oberneuland,3.70,4.40,1.65,No_bet,No_bet,No_bet,No_bet,No_bet,No_bet,No_bet,No_bet
25/03,16:00,Blumenthaler SV,Leher TS,2.32,4.00,2.37,No_bet,No_bet,No_bet,No_bet,No_bet,No_bet,No_bet,No_bet
25/03,16:00,SV Curslack-Neuengamme,SC Victoria Hamburg,3.65,4.20,1.70,No_bet,No_bet,No_bet,No_bet,No_bet,No_bet,No_bet,No_bet
25/03,16:00,Viktoria Griesheim,SV Steinbach 1920,2.42,3.85,2.32,No_bet,No_bet,No_bet,No_bet,No_bet,No_bet,No_bet,No_bet
25/03,16:00,FSV Fernwald,SC Waldgirmes,1.55,4.55,4.25,No_bet,No_bet,No_bet,No_bet,No_bet,No_bet,No_bet,No_bet
25/03,16:00,Bayern Alzenau,Rot Weis Walldorf,2.27,3.70,2.57,No_bet,No_bet,No_bet,No_bet,No_bet,No_bet,No_bet,No_bet
25/03,16:00,SV Adler Weidenhausen,SV Unter-Flockenbach,2.25,3.80,2.55,No_bet,No_bet,No_bet,No_bet,No_bet,No_bet,No_bet,No_bet
25/03,16:00,FC Hanau 93,FC Giessen,3.35,4.00,1.82,No_bet,No_bet,No_bet,No_bet,No_bet,No_bet,No_bet,No_bet
25/03,16:00,Eintracht Frankfurt II,TSV Steinbach II,1.15,7.10,11.50,No_bet,No_bet,No_bet,No_bet,No_bet,No_bet,No_bet,No_bet
25/03,16:00,SV Ramlingen-Ehlershausen,SC Blau-Weiss Papenburg,1.53,4.45,4.50,No_bet,No_bet,No_bet,No_bet,No_bet,No_bet,No_bet,No_bet
25/03,16:00,Einheit Rudolstadt,An der Fahner Hohe,1.87,3.85,3.30,O,1.55,U,2.30,No_bet,No_bet,No_bet,No_bet
25/03,16:00,1. FC Kaiserslautern II,SV Gonsenheim,2.07,3.70,2.85,No_bet,No_bet,No_bet,No_bet,No_bet,No_bet,No_bet,No_bet
25/03,16:00,FC Karbach,FV Diefflen,2.52,3.95,2.22,No_bet,No_bet,No_bet,No_bet,No_bet,No_bet,No_bet,No_bet
25/03,16:00,Rot-Weiss Oberhausen,Ratingen,1.62,3.70,4.75,No_bet,No_bet,No_bet,No_bet,No_bet,No_bet,No_bet,No_bet
25/03,16:00,Olympique Marseille U19,AC Ajaccio U19,1.98,3.50,3.25,O,1.65,U,2.10,No_bet,No_bet,No_bet,No_bet
25/03,16:00,OGC Nice U19,SC Air Bel U19,2.32,3.25,2.77,O,1.78,U,1.93,No_bet,No_bet,No_bet,No_bet
25/03,16:00,Olympique Lyonnais (W),EA Guingamp (W),1.13,7.00,13.50,No_bet,No_bet,No_bet,No_bet,No_bet,No_bet,No_bet,No_bet
25/03,16:00,Amsterdamsche FC,Kozakken Boys,1.62,4.05,4.35,O,1.62,U,2.12,Yes,1.65,No,2.05
25/03,16:00,Ijsselmeervogels,Koninklijke HFC,3.25,3.45,2.02,O,1.70,U,1.98,Yes,1.62,No,2.12
25/03,16:00,Rijnsburgse Boys,HHC Hardenberg,2.40,3.55,2.55,O,1.62,U,2.10,Yes,1.55,No,2.25
25/03,16:00,Scotland,Cyprus,1.26,5.00,13.00,O,1.75,U,2.00,Yes,2.32,No,1.53
25/03,16:00,England U19,Iceland U19,1.17,6.30,13.50,O,1.50,U,2.37,Yes,2.32,No,1.52
25/03,16:00,Romania U19,Northern Ireland U19,2.10,3.50,3.05,O,1.82,U,1.85,Yes,1.70,No,2.00
25/03,16:00,SC Wiener Neustadt,TWL Elektra,5.80,4.45,1.42,O,1.57,U,2.25,No_bet,No_bet,No_bet,No_bet
25/03,16:00,ASV Siegendorf,Kremser SC,2.00,3.40,3.30,O,1.65,U,2.12,No_bet,No_bet,No_bet,No_bet
25/03,No_bet,No_bet,No_bet,No_bet,No_bet,No_bet,No_bet,No_bet,No_bet,No_bet,No_bet,No_bet,No_bet,No_bet
SAK Celovec/Klagenfurt,SC Sparkasse Elin Weiz,3.35,3.35,2.00,O,1.72,U,2.00,No_bet,No_bet,No_bet,No_bet,No_bet,No_bet
25/03,16:00,FC Rotenberg,FC Brauerei Egg,1.87,3.65,3.45,No_bet,No_bet,No_bet,No_bet,No_bet,No_bet,No_bet,No_bet
25/03,16:00,FC Gofis,SC Rothis,2.65,3.70,2.22,No_bet,No_bet,No_bet,No_bet,No_bet,No_bet,No_bet,No_bet
25/03,16:00,SC Admira Dornbirn,SW Bregenz,8.25,5.60,1.25,No_bet,No_bet,No_bet,No_bet,No_bet,No_bet,No_bet,No_bet
25/03,16:00,Dornbirner SV,SCR Altach Juniors,3.45,3.90,1.80,No_bet,No_bet,No_bet,No_bet,No_bet,No_bet,No_bet,No_bet
25/03,16:00,SV Wildon,SC Fürstenfeld,2.37,3.45,2.57,No_bet,No_bet,No_bet,No_bet,No_bet,No_bet,No_bet,No_bet
25/03,16:00,Wuustwezel (W),KVC Westerlo (W),5.30,3.85,1.53,No_bet,No_bet,No_bet,No_bet,No_bet,No_bet,No_bet,No_bet
25/03,16:00,FK Drina Zvornik,Famos Vojkovici,1.65,3.70,4.45,O,1.90,U,1.80,No_bet,No_bet,No_bet,No_bet
25/03,16:00,FK Ljubic Prnjavor,Radnik Bijeljina,1.53,3.85,5.30,O,1.90,U,1.80,No_bet,No_bet,No_bet,No_bet
25/03,16:00,FK Sloboda Mrkonjic Grad,Laktasi,4.45,3.75,1.65,O,1.78,U,1.93,No_bet,No_bet,No_bet,No_bet
25/03,16:00,Sloboda Novi Grad,FK Omarska,1.25,5.50,8.75,No_bet,No_bet,No_bet,No_bet,No_bet,No_bet,No_bet,No_bet
25/03,16:00,No_bet,No_bet,No_bet,No_bet,No_bet,No_bet,No_bet,No_bet,No_bet,No_bet,No_bet,No_bet,No_bet
FC Biel/Bienne,1.82,3.70,3.75,O,1.62,U,2.12,Yes,1.57,No,2.20,No_bet,No_bet,No_bet
25/03,16:00,Shelbourne (W),Galway United (W),1.23,5.50,9.50,No_bet,No_bet,No_bet,No_bet,No_bet,No_bet,No_bet,No_bet
25/03,16:00,Ellidi,Hviti Riddarinn,1.21,6.70,8.75,Yes,1.45,No,2.50,No_bet,No_bet,No_bet,No_bet
25/03,16:00,Throttur Reykjavik (W),Stjarnan (W),2.62,4.05,2.12,No_bet,No_bet,No_bet,No_bet,No_bet,No_bet,No_bet,No_bet
25/03,16:00,Vukovar 91,Jarun,1.57,3.75,5.30,O,1.85,U,1.83,Yes,1.88,No,1.80
25/03,16:00,Manjung City FC,KSR Sains,2.20,3.25,3.00,O,1.78,U,1.93,No_bet,No_bet,No_bet,No_bet
25/03,16:00,Lyn (W),Brann (W),11.50,5.80,1.19,No_bet,No_bet,No_bet,No_bet,No_bet,No_bet,No_bet,No_bet
25/03,16:00,Rosenborg BK Kvinner (W),Stabaek (W),1.26,5.20,8.75,O,1.55,U,2.30,No_bet,No_bet,No_bet,No_bet
25/03,16:00,Åsane (W),Roa IL (W),2.60,3.60,2.30,No_bet,No_bet,No_bet,No_bet,No_bet,No_bet,No_bet,No_bet
25/03,16:00,Chirk AAA,Llanidloes Town FC,2.15,3.60,2.80,No_bet,No_bet,No_bet,No_bet,No_bet,No_bet,No_bet,No_bet
25/03,16:00,Carmarthen Town AFC,Goytre United,1.47,4.40,5.20,No_bet,No_bet,No_bet,No_bet,No_bet,No_bet,No_bet,No_bet
25/03,16:00,Szent Mihaly SE (W),MTK Budapest (W),8.00,5.90,1.24,No_bet,No_bet,No_bet,No_bet,No_bet,No_bet,No_bet,No_bet
25/03,16:00,Hutnik Krakow,Zaglebie Lubin II,2.15,3.40,3.05,O,1.62,U,2.12,Yes,1.50,No,2.35
25/03,16:00,GKS Jastrzebie,Radunia Stezyca,2.80,3.25,2.35,O,1.78,U,1.91,Yes,1.62,No,2.12
25/03,16:00,KP Starogard Gdanski,KP Blekitni Stargart Szczecinski,1.82,3.65,3.65,O,1.78,U,1.93,No_bet,No_bet,No_bet,No_bet
25/03,16:00,KS Warta Sieradz,Lechia Tomaszow Mazowiecki,3.60,3.80,1.78,O,1.65,U,2.10,No_bet,No_bet,No_bet,No_bet
25/03,16:00,Pniowek P Slaskie,MKS Kluczbork,2.25,3.50,2.70,O,1.65,U,2.12,No_bet,No_bet,No_bet,No_bet
25/03,16:00,Odra Wodzislaw Slaski,Rekord Bielsko-Biala,5.10,4.40,1.47,No_bet,No_bet,No_bet,No_bet,No_bet,No_bet,No_bet,No_bet
25/03,16:00,No_bet,No_bet,No_bet,No_bet,No_bet,No_bet,No_bet,No_bet,No_bet,No_bet,No_bet,No_bet,No_bet
Gawin/Sleza Wroclaw,3.55,3.95,1.78,No_bet,No_bet,No_bet,No_bet,No_bet,No_bet,No_bet,No_bet,No_bet,No_bet,No_bet
25/03,16:00,Pilica Bialobrzegi,Pelikan Lowicz,2.50,3.60,2.37,O,1.65,U,2.10,No_bet,No_bet,No_bet,No_bet
25/03,16:00,Avia Swidnik,KSZO Ostrowiec,1.70,3.70,4.20,O,1.82,U,1.88,No_bet,No_bet,No_bet,No_bet
25/03,16:00,Sokol Kleczew,GKS Olimpia Grudziadz,6.00,4.45,1.42,O,1.60,U,2.22,No_bet,No_bet,No_bet,No_bet
25/03,16:00,Swit Nowy Dwor Mazowiecki,Bron Radom,1.60,4.05,4.45,No_bet,No_bet,No_bet,No_bet,No_bet,No_bet,No_bet,No_bet
25/03,16:00,Olimpia Zambrow,Pogon Grodzisk Mazowiecki,4.45,4.00,1.60,O,1.65,U,2.12,No_bet,No_bet,No_bet,No_bet
25/03,16:00,Concordia Elblag,Jagiellonia Bialystok II,4.05,3.80,1.70,O,1.62,U,2.18,No_bet,No_bet,No_bet,No_bet
25/03,16:00,Korona Kielce II,Podlasie Biala Podlaska,1.87,3.60,3.45,O,1.72,U,2.00,No_bet,No_bet,No_bet,No_bet
25/03,16:00,Carina Gubin,LKS Goczalkowice Zdroj,2.05,3.50,3.05,O,1.80,U,1.90,No_bet,No_bet,No_bet,No_bet
25/03,16:00,APLG Gdansk (W),Katowice (W),8.50,4.75,1.29,O,1.57,U,2.25,No_bet,No_bet,No_bet,No_bet
25/03,16:00,NK Rudar Velenje,Bilje,1.78,3.50,4.20,O,1.80,U,1.88,Yes,1.72,No,1.95
25/03,16:00,ND Beltinci,NK Krsko,1.55,4.00,5.20,O,1.65,U,2.05,Yes,1.75,No,1.93
25/03,16:00,Aha Emmi Bistrica,Ilirija Ljubljana,2.35,3.30,2.75,O,2.00,U,1.70,Yes,1.82,No,1.85
25/03,16:00,MNK Izola,Fama Vipava,2.25,3.40,2.80,O,1.82,U,1.90,No_bet,No_bet,No_bet,No_bet
25/03,16:00,Dravinja,SD NS Drava Pruj,1.53,4.20,4.80,O,1.55,U,2.30,No_bet,No_bet,No_bet,No_bet
25/03,16:00,Svoboda Ljubljana,Sencur,4.15,4.00,1.65,O,1.60,U,2.20,No_bet,No_bet,No_bet,No_bet
25/03,16:00,NK Zavrc,NK Smartno 1928,1.07,9.25,18.50,No_bet,No_bet,No_bet,No_bet,No_bet,No_bet,No_bet,No_bet
25/03,16:00,FK Banik Sous,Slovan Velvary,1.85,3.80,3.40,O,1.62,U,2.18,No_bet,No_bet,No_bet,No_bet
25/03,16:00,1 SC Znojmo,FC Slovan Rosice,2.20,3.70,2.65,O,1.57,U,2.27,No_bet,No_bet,No_bet,No_bet
25/03,16:00,Uhersky Brod,FC Hlucin,2.95,3.70,2.02,O,1.62,U,2.18,No_bet,No_bet,No_bet,No_bet
25/03,16:00,FK Apos Blansko,FC Fastav Zlin II,1.98,3.55,3.15,O,1.65,U,2.12,No_bet,No_bet,No_bet,No_bet
25/03,16:00,MFk Frydek-Mistek,SK Hranice,2.00,3.55,3.15,O,1.65,U,2.12,No_bet,No_bet,No_bet,No_bet
25/03,16:00,Hodonin,Hanacka Slavia Kromeriz,3.45,3.80,1.83,O,1.62,U,2.15,No_bet,No_bet,No_bet,No_bet
25/03,16:00,FC Vitkovice,1. FC Slovacko II,6.50,5.00,1.34,No_bet,No_bet,No_bet,No_bet,No_bet,No_bet,No_bet,No_bet
25/03,16:00,Bfk Frýdlant,FC Velke Mezirici,1.87,3.80,3.35,No_bet,No_bet,No_bet,No_bet,No_bet,No_bet,No_bet,No_bet
25/03,16:00,Olympie Brezova,Admira Praha II,1.60,4.30,4.15,No_bet,No_bet,No_bet,No_bet,No_bet,No_bet,No_bet,No_bet
25/03,16:00,Sperice,Start Brno,8.75,5.50,1.25,No_bet,No_bet,No_bet,No_bet,No_bet,No_bet,No_bet,No_bet
25/03,16:00,AFK Tuchlovice,SK Sokolec,3.40,4.15,1.78,No_bet,No_bet,No_bet,No_bet,No_bet,No_bet,No_bet,No_bet
25/03,16:00,MS Brno,FC Sparta Brno,2.05,4.00,2.77,No_bet,No_bet,No_bet,No_bet,No_bet,No_bet,No_bet,No_bet
25/03,16:00,Olympia Rajecko,TJ Moravan Lednice,2.57,3.90,2.20,No_bet,No_bet,No_bet,No_bet,No_bet,No_bet,No_bet,No_bet
25/03,16:15,Pepo Lappeenranta,FC KTP Kotka,10.50,4.55,1.27,O,2.02,U,1.72,No_bet,No_bet,No_bet,No_bet
25/03,16:15,Wisla Pulawy,Polonia Warszawa,2.22,3.30,3.00,O,1.83,U,1.85,Yes,1.65,No,2.05
25/03,16:30,CD Vitoria,Pasaia KE,1.42,4.20,6.60,O,1.78,U,1.88,Yes,2.00,No,1.70
25/03,16:30,Discobolo la Torre (W),Malaga City (W),1.90,3.60,3.40,O,1.78,U,1.93,No_bet,No_bet,No_bet,No_bet
25/03,16:30,Lecco U19,Renate U19,2.90,3.55,2.12,O,1.62,U,2.18,No_bet,No_bet,No_bet,No_bet
25/03,16:30,ACN Siena 1904 U19,AS Giugliano Calcio 1928 U19,1.85,3.95,3.30,No_bet,No_bet,No_bet,No_bet,No_bet,No_bet,No_bet,No_bet
25/03,16:30,Freiburger,SV Oberachern,3.05,3.90,1.95,No_bet,No_bet,No_bet,No_bet,No_bet,No_bet,No_bet,No_bet
25/03,16:30,SSV Reutlingen,FSV Hollenbach,2.10,3.70,2.82,O,1.55,U,2.30,No_bet,No_bet,No_bet,No_bet
25/03,16:30,FK Pirmasens,TUS Koblenz,2.30,3.55,2.62,O,1.70,U,2.02,No_bet,No_bet,No_bet,No_bet
25/03,16:30,TUS Mechtersheim,TSV Schott Mainz,3.50,3.80,1.82,No_bet,No_bet,No_bet,No_bet,No_bet,No_bet,No_bet,No_bet
25/03,16:30,SV Auersmacher,FV Engers,2.62,3.80,2.22,No_bet,No_bet,No_bet,No_bet,No_bet,No_bet,No_bet,No_bet
25/03,16:30,FSV Jaegersburg,SF Eisbachtal,1.78,3.85,3.60,No_bet,No_bet,No_bet,No_bet,No_bet,No_bet,No_bet,No_bet
25/03,16:30,Hertha Wiesbach,TuS Kirchberg 1909,1.55,4.50,4.35,No_bet,No_bet,No_bet,No_bet,No_bet,No_bet,No_bet,No_bet
25/03,16:30,FV Dudenhofen,Ahrweiler BC,1.70,4.20,3.70,No_bet,No_bet,No_bet,No_bet,No_bet,No_bet,No_bet,No_bet
25/03,16:30,TEC,Katwijk,5.80,4.50,1.44,O,1.55,U,2.27,Yes,1.72,No,1.95
25/03,16:30,Gabon U23,Cameroon U23,2.45,3.00,2.82,No_bet,No_bet,No_bet,No_bet,No_bet,No_bet,No_bet,No_bet
25/03,16:30,No_bet,No_bet,No_bet,No_bet,No_bet,No_bet,No_bet,No_bet,No_bet,No_bet,No_bet,No_bet,No_bet
SV Stripfing/Weiden,5.20,4.05,1.52,O,1.72,U,2.00,No_bet,No_bet,No_bet,No_bet,No_bet,No_bet,No_bet
25/03,16:30,SV Güssing,FC Andau,2.37,3.45,2.57,O,1.57,U,2.25,No_bet,No_bet,No_bet,No_bet
25/03,No_bet,No_bet,No_bet,No_bet,No_bet,No_bet,No_bet,No_bet,No_bet,No_bet,No_bet,No_bet,No_bet,No_bet
SC Stadtwerke Bruck/Mur,SV Lafnitz II,2.72,3.30,2.32,No_bet,No_bet,No_bet,No_bet,No_bet,No_bet,No_bet,No_bet,No_bet,No_bet
25/03,16:30,SV Zulte Waregem (W),KV Mechelen (W),1.47,4.20,5.40,O,1.57,U,2.25,No_bet,No_bet,No_bet,No_bet
25/03,16:30,Mladost Doboj Kakanj,FK Gorazde,2.37,3.20,2.75,O,2.18,U,1.60,No_bet,No_bet,No_bet,No_bet
25/03,16:30,FK Radnicki Lukavac,FK Radnik Hadzici,2.37,3.50,2.55,O,1.75,U,1.95,No_bet,No_bet,No_bet,No_bet
25/03,16:30,NK Travnik,Gosk Gabela,4.90,4.20,1.52,O,1.57,U,2.25,No_bet,No_bet,No_bet,No_bet
25/03,16:30,Varde IF,Brabrand IF II,1.95,3.60,3.25,O,1.62,U,2.15,No_bet,No_bet,No_bet,No_bet
25/03,16:30,Dubrava Zagreb,Bijelo Brdo,1.75,3.50,4.35,O,2.07,U,1.65,Yes,1.98,No,1.70
25/03,16:30,Zagorec Krapina,Zrinski Jurjevac,3.45,3.40,1.95,O,1.75,U,1.95,No_bet,No_bet,No_bet,No_bet
25/03,16:30,NK Pomorac,NK Buje,1.95,3.40,3.45,No_bet,No_bet,No_bet,No_bet,No_bet,No_bet,No_bet,No_bet
25/03,16:30,Hask Zagreb,NK Lucko,3.25,3.50,1.98,O,1.85,U,1.85,No_bet,No_bet,No_bet,No_bet
25/03,16:30,Udarnik Kurilovec,NK Vrapce,3.60,3.60,1.85,O,1.65,U,2.10,No_bet,No_bet,No_bet,No_bet
25/03,16:30,The New Saints FC,Cardiff Met University,1.16,6.90,13.50,O,1.39,U,2.80,Yes,2.10,No,1.65
25/03,16:30,Airbus UK Broughton,Pontypridd Town,7.60,5.00,1.33,O,1.52,U,2.37,Yes,1.82,No,1.88
25/03,16:30,Penybont,Bala Town FC,2.12,3.45,3.15,O,1.78,U,1.93,Yes,1.65,No,2.10
25/03,16:30,Aberystwyth Town,Flint Town United,2.85,3.40,2.30,O,1.70,U,2.05,Yes,1.57,No,2.25
25/03,16:30,Haverfordwest County,Caernarfon Town,1.98,3.50,3.45,O,1.65,U,2.10,Yes,1.57,No,2.27
25/03,16:30,Colwyn Bay,Holywell Town,1.62,3.95,4.35,O,1.57,U,2.27,No_bet,No_bet,No_bet,No_bet
25/03,16:30,Holyhead Hotspur,Cefn Druids AFC,3.00,3.60,2.05,No_bet,No_bet,No_bet,No_bet,No_bet,No_bet,No_bet,No_bet
25/03,16:30,Prestatyn Town FC,Guilsfield FC,3.00,3.60,2.05,No_bet,No_bet,No_bet,No_bet,No_bet,No_bet,No_bet,No_bet
25/03,16:30,Mold Alexandra FC,Gresford Athletic,2.10,3.45,3.00,O,1.65,U,2.10,No_bet,No_bet,No_bet,No_bet
25/03,16:30,Porthmadog,Penrhyncoch,1.78,3.85,3.55,No_bet,No_bet,No_bet,No_bet,No_bet,No_bet,No_bet,No_bet
25/03,16:30,Barry Town FC,Pontardawe Town FC,1.23,5.80,9.00,No_bet,No_bet,No_bet,No_bet,No_bet,No_bet,No_bet,No_bet
25/03,16:30,Taffs Well,Ammanford,1.70,4.10,3.90,No_bet,No_bet,No_bet,No_bet,No_bet,No_bet,No_bet,No_bet
25/03,16:30,Llantwit Major,Afan Lido,2.30,3.35,2.75,No_bet,No_bet,No_bet,No_bet,No_bet,No_bet,No_bet,No_bet
25/03,16:30,Cambrian & Clydach,Cwmbran Celtic,1.78,3.95,3.50,No_bet,No_bet,No_bet,No_bet,No_bet,No_bet,No_bet,No_bet
25/03,16:30,Trefelin FC,Swansea University FC,1.78,3.80,3.65,No_bet,No_bet,No_bet,No_bet,No_bet,No_bet,No_bet,No_bet
25/03,16:30,KS Wisloka Debica,Sokol Sieniawa,1.82,3.70,3.55,O,1.70,U,2.05,No_bet,No_bet,No_bet,No_bet
25/03,16:30,Chelmianka Chelm,Stal Stalowa Wola,2.77,3.40,2.25,O,1.82,U,1.88,No_bet,No_bet,No_bet,No_bet
25/03,16:30,Unia Tarnow,Lubienianka Lublin,1.04,9.50,30.00,No_bet,No_bet,No_bet,No_bet,No_bet,No_bet,No_bet,No_bet
25/03,16:30,Jarota Jarocin,Cartusia Kartuzy,2.77,3.30,2.30,O,1.78,U,1.93,No_bet,No_bet,No_bet,No_bet
25/03,16:45,CD Egüés,CD Cortes,1.65,3.50,5.00,O,2.20,U,1.57,Yes,2.15,No,1.60
25/03,17:00,Burton Albion,Cambridge United,2.10,3.35,3.35,O,2.07,U,1.70,Yes,1.87,No,1.83
25/03,17:00,Charlton,Wycombe,2.57,3.30,2.65,O,1.90,U,1.83,Yes,1.70,No,2.05
25/03,17:00,Exeter City,Accrington Stanley,1.70,3.60,4.90,O,1.95,U,1.78,Yes,1.90,No,1.82
25/03,17:00,Fleetwood Town,Lincoln City,2.35,3.05,3.20,O,2.32,U,1.57,Yes,1.95,No,1.75
25/03,17:00,MK Dons,Morecambe FC,1.78,3.40,4.65,O,2.05,U,1.72,Yes,1.91,No,1.80
25/03,17:00,Portsmouth FC,Port Vale,2.02,3.35,3.60,O,2.15,U,1.65,Yes,1.91,No,1.80
25/03,17:00,Peterborough,Derby County,2.55,3.35,2.62,O,1.87,U,1.87,Yes,1.70,No,2.05
25/03,17:00,Barnsley FC,Ipswich Town,2.85,3.35,2.40,O,1.98,U,1.78,Yes,1.75,No,1.95
25/03,17:00,Colchester United,Tranmere,2.42,3.05,3.05,O,2.47,U,1.50,Yes,2.10,No,1.65
25/03,17:00,Stevenage Borough,Salford City,1.91,3.40,4.00,O,2.02,U,1.75,Yes,1.85,No,1.85
25/03,17:00,Grimsby Town,Walsall FC,2.30,3.05,3.25,O,2.47,U,1.50,Yes,2.10,No,1.65
25/03,17:00,Gillingham FC,Carlisle United,3.20,2.95,2.37,O,2.50,U,1.50,Yes,2.05,No,1.70
25/03,17:00,Doncaster,Northampton Town,3.55,3.15,2.12,O,2.30,U,1.57,Yes,1.98,No,1.75
25/03,17:00,Crawley Town,Rochdale AFC,2.20,3.25,3.25,O,2.00,U,1.75,Yes,1.75,No,1.95
25/03,17:00,Barrow FC,AFC Wimbledon,2.10,3.15,3.60,O,2.42,U,1.52,Yes,2.10,No,1.65
25/03,17:00,Hartlepool United,Leyton Orient,4.50,3.45,1.78,O,2.22,U,1.62,Yes,2.05,No,1.70
25/03,17:00,Swindon,Stockport County,3.45,3.25,2.12,O,2.07,U,1.70,Yes,1.85,No,1.85
25/03,17:00,Mansfield Town,Sutton United,2.15,3.35,3.25,O,1.95,U,1.80,Yes,1.75,No,1.95
25/03,17:00,Newport County,Harrogate Town,1.82,3.50,4.20,O,1.95,U,1.80,Yes,1.83,No,1.88
25/03,17:00,Maidstone United,Woking FC,5.10,3.80,1.65,O,1.88,U,1.85,Yes,1.88,No,1.82
25/03,17:00,Notts County,Scunthorpe,1.24,6.00,10.75,O,1.44,U,2.67,Yes,1.91,No,1.80
25/03,17:00,Dorking Wanderers,Maidenhead United,2.77,3.55,2.35,O,1.70,U,2.07,Yes,1.57,No,2.25
25/03,17:00,Chesterfield FC,Halifax Town,1.53,4.10,5.80,O,1.87,U,1.87,Yes,1.98,No,1.75
25/03,17:00,Oldham,Solihull Moors,2.42,3.45,2.70,O,1.80,U,1.93,Yes,1.65,No,2.10
25/03,17:00,Altrincham FC,Southend,2.75,3.30,2.47,O,1.91,U,1.83,Yes,1.70,No,2.02
25/03,17:00,Wrexham FC,York City,1.29,5.20,9.75,O,1.65,U,2.15,Yes,2.12,No,1.65
25/03,17:00,Aldershot Town,Gateshead FC,2.67,3.50,2.45,O,1.83,U,1.90,Yes,1.70,No,2.05
25/03,17:00,Wealdstone FC,Barnet FC,3.30,3.55,2.05,O,1.70,U,2.07,Yes,1.60,No,2.20
25/03,17:00,Torquay United,Dagenham & Redbridge,2.42,3.35,2.80,O,1.80,U,1.93,Yes,1.62,No,2.15
25/03,17:00,Boreham Wood,Eastleigh FC,1.93,3.50,3.75,O,2.02,U,1.75,Yes,1.88,No,1.82
25/03,17:00,Yeovil,Bromley FC,2.90,3.25,2.40,O,2.20,U,1.62,Yes,1.90,No,1.80
25/03,17:00,Kettering Town,Darlington FC,2.80,3.40,2.35,O,2.00,U,1.72,Yes,1.82,No,1.90
25/03,17:00,Kidderminster Harriers,Alfreton Town,1.98,3.50,3.50,O,2.02,U,1.72,Yes,1.88,No,1.83
25/03,17:00,Hereford United,Kings Lynn Town,3.25,3.40,2.07,O,2.02,U,1.70,Yes,1.87,No,1.85
25/03,17:00,Banbury United,AFC Telford United,1.95,3.60,3.40,O,1.80,U,1.91,Yes,1.72,No,2.00
25/03,17:00,Curzon Ashton FC,Chorley,2.72,3.30,2.42,O,2.05,U,1.70,Yes,1.83,No,1.87
25/03,17:00,Farsley Celtic,Peterborough Sports,2.50,3.35,2.62,O,1.88,U,1.82,Yes,1.72,No,2.02
25/03,17:00,AFC Fylde,Gloucester City,1.50,4.20,5.60,O,1.72,U,2.00,Yes,1.87,No,1.83
25/03,17:00,Spennymoor Town,Brackley Town,2.70,3.35,2.45,O,1.98,U,1.75,Yes,1.78,No,1.93
25/03,17:00,Leamington,Boston United,2.57,3.30,2.57,O,2.00,U,1.72,Yes,1.80,No,1.90
25/03,17:00,Blyth Spartans,Chester FC,3.35,3.50,2.02,O,1.90,U,1.82,Yes,1.78,No,1.93
25/03,17:00,Scarborough Athletic,Southport FC,2.10,3.45,3.20,O,1.87,U,1.83,Yes,1.72,No,2.00
25/03,17:00,Bradford Park Avenue,Buxton FC,3.50,3.50,1.98,O,1.91,U,1.80,Yes,1.80,No,1.91
25/03,17:00,Braintree Town,Taunton Town,1.83,3.50,4.05,O,2.02,U,1.70,Yes,1.93,No,1.78
25/03,17:00,Cheshunt FC,Weymouth,3.10,3.40,2.18,O,1.93,U,1.78,Yes,1.75,No,1.95
25/03,17:00,Chippenham Town,Eastbourne Borough,2.57,3.50,2.45,O,1.78,U,1.93,Yes,1.65,No,2.10
25/03,17:00,Dulwich Hamlet,Oxford City,3.50,3.75,1.90,O,1.72,U,2.00,Yes,1.70,No,2.05
25/03,17:00,Welling United FC,Bath City,3.20,3.35,2.12,O,2.05,U,1.70,Yes,1.85,No,1.85
25/03,17:00,Dartford FC,Chelmsford City,1.98,3.65,3.35,O,1.75,U,1.95,Yes,1.70,No,2.05
25/03,17:00,St Albans City,Dover Athletic,1.82,3.60,4.00,O,1.93,U,1.78,Yes,1.87,No,1.83
25/03,17:00,Hemel Hempstead Town,Concord Rangers,1.65,3.80,4.65,O,1.88,U,1.82,Yes,1.88,No,1.83
25/03,17:00,Hampton & Richmond Borough FC,Farnborough,3.00,3.40,2.20,O,1.87,U,1.85,Yes,1.72,No,2.02
25/03,17:00,Tonbridge Angels,Hungerford Town FC,1.98,3.60,3.40,O,1.80,U,1.91,Yes,1.70,No,2.02
25/03,17:00,Stalybridge Celtic,Ashton Utd,2.40,3.40,2.65,O,1.78,U,1.90,Yes,1.65,No,2.07
25/03,17:00,South Shields,Radcliffe FC,1.62,3.85,4.70,O,1.75,U,1.93,Yes,1.78,No,1.88
25/03,17:00,Nantwich Town,Bamber Bridge,2.67,3.45,2.35,O,1.78,U,1.90,Yes,1.65,No,2.07
25/03,17:00,Warrington Town,Liversedge,1.47,4.45,5.50,O,1.55,U,2.27,Yes,1.70,No,2.00
25/03,17:00,FC Utd of Manchester,Marske United FC,1.57,4.20,4.55,O,1.52,U,2.30,Yes,1.60,No,2.15
25/03,17:00,Lancaster City,Hyde United FC,3.20,3.45,2.05,O,1.91,U,1.75,Yes,1.80,No,1.88
25/03,17:00,Stafford Rangers,Morpeth Town,2.27,3.60,2.67,O,1.70,U,2.00,Yes,1.60,No,2.15
25/03,17:00,Whitby Town,Marine FC,2.92,3.20,2.30,O,1.95,U,1.72,Yes,1.75,No,1.93
25/03,17:00,Atherton Collieries,Gainsborough Trinity,3.35,3.40,2.00,O,2.00,U,1.70,Yes,1.85,No,1.82
25/03,17:00,Guiseley AFC,Belper Town,1.42,4.40,6.20,O,1.55,U,2.25,Yes,1.72,No,1.95
25/03,17:00,Canvey Island,Hastings United,2.02,3.50,3.20,O,1.88,U,1.78,Yes,1.78,No,1.91
25/03,17:00,Kingstonian,Haringey Borough,2.30,3.55,2.67,O,1.55,U,2.25,Yes,1.50,No,2.37
25/03,17:00,Bishop's Stortford,Bognor Regis Town,1.57,3.95,4.90,O,1.65,U,2.07,Yes,1.72,No,1.98
25/03,17:00,Lewes FC,Potters Bar Town FC,1.45,4.50,5.70,O,1.55,U,2.27,Yes,1.72,No,1.98
25/03,17:00,Bowers Pitsea,Folkestone Invicta,4.15,3.85,1.70,O,1.57,U,2.22,Yes,1.57,No,2.20
25/03,17:00,Billericay Town,Carshalton Athletic,2.18,3.35,3.00,O,1.72,U,1.95,Yes,1.60,No,2.15
25/03,17:00,Hornchurch FC,Margate FC,1.38,4.70,6.60,O,1.53,U,2.27,Yes,1.78,No,1.88
25/03,17:00,Cray Wanderers,Horsham,2.22,3.40,2.92,O,1.65,U,2.07,Yes,1.53,No,2.27
25/03,17:00,Aveley FC,Brightlingsea Regent,1.21,6.00,10.50,O,1.40,U,2.65,Yes,1.93,No,1.75
25/03,17:00,Corinthian Casuals,Wingate & Finchley,3.25,3.45,2.02,O,1.72,U,1.98,Yes,1.62,No,2.12
25/03,17:00,Herne Bay,Enfield Town,3.90,3.80,1.75,O,1.57,U,2.20,Yes,1.57,No,2.22
25/03,17:00,Harrow Borough FC,Gosport Borough,2.32,3.55,2.65,O,1.57,U,2.20,Yes,1.50,No,2.35
25/03,17:00,Dorchester Town,Merthyr Town,2.45,3.70,2.42,O,1.55,U,2.25,Yes,1.50,No,2.37
25/03,17:00,Metropolitan Police,Chesham Utd,2.67,3.65,2.27,O,1.65,U,2.07,Yes,1.57,No,2.22
25/03,17:00,Hanwell Town,Swindon Supermarine,2.60,3.55,2.35,O,1.57,U,2.20,Yes,1.50,No,2.35
25/03,17:00,North Leigh FC,Weston-Super-Mare,6.50,4.90,1.37,O,1.47,U,2.47,Yes,1.70,No,2.00
25/03,17:00,Hendon FC,Hartley Wintney,1.75,3.90,3.85,O,1.55,U,2.27,Yes,1.55,No,2.25
25/03,17:00,Yate Town,Bracknell Town,6.30,5.10,1.36,O,1.37,U,2.80,Yes,1.57,No,2.20
25/03,17:00,Poole Town,Hayes & Yeading United,2.27,3.45,2.75,O,1.60,U,2.15,Yes,1.50,No,2.37
25/03,17:00,Winchester City FC,Beaconsfield Town FC,3.00,3.70,2.05,O,1.50,U,2.35,Yes,1.47,No,2.45
25/03,17:00,Truro City FC,Salisbury FC,1.44,4.50,5.70,O,1.55,U,2.25,Yes,1.72,No,1.95
25/03,17:00,Bromsgrove Sporting,Mickleover Sports,2.60,3.65,2.32,O,1.55,U,2.25,Yes,1.47,No,2.42
25/03,17:00,Coalville Town,Kings Langley,1.34,5.00,6.80,O,1.45,U,2.50,Yes,1.72,No,1.98
25/03,17:00,Rushall Olympic,St Ives Town,1.50,4.45,5.10,O,1.45,U,2.50,Yes,1.57,No,2.20
25/03,17:00,Alvechurch,Bedford Town,1.78,3.90,3.65,O,1.53,U,2.27,Yes,1.55,No,2.27
25/03,17:00,Hitchin Town,Stratford Town FC,2.30,3.35,2.80,O,1.78,U,1.88,Yes,1.65,No,2.07
25/03,17:00,Needham Market FC,Nuneaton Borough FC,2.62,3.40,2.42,O,1.90,U,1.78,Yes,1.75,No,1.93
25/03,17:00,Stourbridge FC,Ilkeston Town,2.15,3.50,2.92,O,1.50,U,2.35,Yes,1.44,No,2.55
25/03,17:00,Barwell,Hednesford Town,1.75,3.90,3.75,O,1.57,U,2.20,Yes,1.57,No,2.20
25/03,17:00,AFC Rushden Diamonds,Leiston FC,5.30,4.30,1.50,O,1.60,U,2.15,Yes,1.72,No,1.95
25/03,17:00,Royston Town,Tamworth FC,3.45,3.65,1.91,O,1.65,U,2.05,Yes,1.60,No,2.15
25/03,17:00,Basford United,Redditch United,2.45,3.40,2.57,O,1.78,U,1.90,Yes,1.65,No,2.07
25/03,17:00,Workington AFC,Glossop North End FC,1.39,4.80,5.90,No_bet,No_bet,No_bet,No_bet,No_bet,No_bet,No_bet,No_bet
25/03,17:00,Grimsby Borough,Long Eaton United,2.42,3.60,2.45,No_bet,No_bet,No_bet,No_bet,No_bet,No_bet,No_bet,No_bet
25/03,17:00,Shepshed Dynamo FC,Chasetown,1.98,4.00,2.90,No_bet,No_bet,No_bet,No_bet,No_bet,No_bet,No_bet,No_bet
25/03,17:00,Tottenham Hotspur (W),Arsenal FC (W),7.30,4.60,1.34,O,1.60,U,2.18,No_bet,No_bet,No_bet,No_bet
25/03,17:00,AD Alcorcon II,CD Coria,2.30,2.92,3.20,O,2.37,U,1.50,Yes,2.00,No,1.70
25/03,17:00,Real Oviedo II,Real Valladolid II,2.40,3.00,2.95,O,2.32,U,1.52,Yes,1.98,No,1.72
25/03,17:00,CD San Ignacio,CD Aurrera de Ondarroa,2.72,3.15,2.47,O,2.20,U,1.57,Yes,1.93,No,1.75
25/03,17:00,CE Mercadal,FC Inter Manacor,1.62,3.65,5.00,O,2.00,U,1.70,Yes,2.00,No,1.70
25/03,17:00,CD Subiza,CD Pamplona,1.65,3.70,4.60,O,1.88,U,1.80,Yes,1.87,No,1.80
25/03,17:00,SD Lagunak,CD Cantolagua,2.95,3.15,2.30,O,1.85,U,1.82,Yes,1.65,No,2.07
25/03,17:00,Comillas CF,CD Varea,5.30,3.75,1.57,O,1.93,U,1.75,Yes,2.00,No,1.70
25/03,17:00,Silva SD,CD Estradense,2.37,3.05,2.95,O,2.12,U,1.62,Yes,1.83,No,1.83
25/03,17:00,CD Huarte,UCD Burlades,1.65,3.50,5.10,O,2.00,U,1.70,Yes,1.98,No,1.70
25/03,17:00,Real Betis Balompie (W),Villarreal CF (W),2.02,3.50,3.10,O,1.83,U,1.87,No_bet,No_bet,No_bet,No_bet
25/03,17:00,Fundacion Albacete (W),CA Osasuna (W),3.55,3.20,1.98,O,2.12,U,1.65,No_bet,No_bet,No_bet,No_bet
25/03,17:00,CD Riudoms (W),Zaragoza CFF (W) II,1.72,3.95,3.80,No_bet,No_bet,No_bet,No_bet,No_bet,No_bet,No_bet,No_bet
25/03,17:00,Elche CF (W),Ciudad de Murcia (W),1.11,7.80,13.50,No_bet,No_bet,No_bet,No_bet,No_bet,No_bet,No_bet,No_bet
25/03,17:00,Madrid CFF (W) C,Santa Teresa (W) II,1.60,4.10,4.40,No_bet,No_bet,No_bet,No_bet,No_bet,No_bet,No_bet,No_bet
25/03,17:00,Pipinsried,DJK Vilzing,2.47,3.40,2.62,O,1.75,U,1.95,Yes,1.62,No,2.18
25/03,17:00,Würzburger FV,DJK Ammerthal,2.50,3.70,2.32,O,1.55,U,2.30,No_bet,No_bet,No_bet,No_bet
25/03,17:00,SSV Jahn Regensburg II,ASV Cham,2.10,3.70,2.85,No_bet,No_bet,No_bet,No_bet,No_bet,No_bet,No_bet,No_bet
25/03,17:00,SV Kirchanschoring,FC Ismaning,1.57,3.90,4.90,No_bet,No_bet,No_bet,No_bet,No_bet,No_bet,No_bet,No_bet
25/03,17:00,TuSpo Surheide,TS Woltmershausen,2.30,3.95,2.45,No_bet,No_bet,No_bet,No_bet,No_bet,No_bet,No_bet,No_bet
25/03,17:00,TUS Dietkirchen,TSV Eintracht Stadtallendorf,4.85,4.65,1.47,No_bet,No_bet,No_bet,No_bet,No_bet,No_bet,No_bet,No_bet
25/03,17:00,Racing Club de France Football,AS Beauvais,1.52,3.80,6.00,O,1.65,U,2.07,Yes,1.70,No,2.00
25/03,17:00,AJ Auxerre II,Marignane Gignac,2.45,3.05,2.82,O,2.32,U,1.52,Yes,1.98,No,1.70
25/03,17:00,Aubervilliers,Montrouge,2.27,3.00,3.05,O,1.72,U,2.00,No_bet,No_bet,No_bet,No_bet
25/03,17:00,AS Monaco U19,Beziers U19,2.22,3.35,2.85,O,1.70,U,2.05,No_bet,No_bet,No_bet,No_bet
25/03,17:00,CS Maritimo U19,Academica Coimbra U19,2.05,3.45,3.10,O,1.80,U,1.90,No_bet,No_bet,No_bet,No_bet
25/03,17:00,FC Pacos Ferreira U19,Tondela U19,1.75,3.75,3.85,No_bet,No_bet,No_bet,No_bet,No_bet,No_bet,No_bet,No_bet
25/03,17:00,Trofense U19,Merelinense U19,2.52,3.20,2.55,O,1.85,U,1.85,No_bet,No_bet,No_bet,No_bet
25/03,17:00,UD Oliveirense U19,Pombal U19,1.88,3.60,3.45,O,1.72,U,2.02,No_bet,No_bet,No_bet,No_bet
25/03,17:00,SCU Torreense (W),SC Braga (W),10.75,5.90,1.19,No_bet,No_bet,No_bet,No_bet,No_bet,No_bet,No_bet,No_bet
25/03,17:00,Ovarense (W),FC Romariz (W),3.95,3.70,1.72,O,1.65,U,2.10,No_bet,No_bet,No_bet,No_bet
25/03,17:00,Gil Vicente FC (W),CF Benfica (W),4.90,3.95,1.55,O,1.70,U,2.05,No_bet,No_bet,No_bet,No_bet
25/03,17:00,Rio Ave FC (W),SC Braga (W) II,4.65,3.70,1.62,O,1.55,U,2.30,No_bet,No_bet,No_bet,No_bet
25/03,17:00,Germany U19,Belgium U19,1.85,3.55,3.70,O,1.70,U,1.98,Yes,1.65,No,2.07
25/03,17:00,Ukraine U19,Denmark U19,6.90,4.55,1.38,O,1.65,U,2.07,Yes,1.91,No,1.75
25/03,17:00,England U20,USA U20,1.55,4.05,5.10,O,1.55,U,2.25,Yes,1.62,No,2.12
25/03,17:00,Stromsgodset,Mjondalen,1.72,4.15,3.70,O,1.32,U,3.00,Yes,1.35,No,2.85
25/03,17:00,SV Leobendorf,SC Neusiedl AM See 1919,2.25,3.15,2.92,O,1.78,U,1.93,No_bet,No_bet,No_bet,No_bet
25/03,17:00,Wiener Viktoria,FC Mauerwerk,2.15,3.60,2.82,No_bet,No_bet,No_bet,No_bet,No_bet,No_bet,No_bet,No_bet
25/03,17:00,Union Innsbruck,SK St Johann,2.95,3.90,1.98,No_bet,No_bet,No_bet,No_bet,No_bet,No_bet,No_bet,No_bet
25/03,17:00,FV Austria Xiii,ASV 13 Vienna,1.44,4.60,5.40,No_bet,No_bet,No_bet,No_bet,No_bet,No_bet,No_bet,No_bet
25/03,17:00,Newry City AFC,Cliftonville FC,7.70,5.10,1.32,O,1.52,U,2.37,Yes,1.85,No,1.85
25/03,17:00,Crusaders FC,Carrick Rangers,1.29,5.20,8.75,O,1.55,U,2.30,Yes,1.98,No,1.75
25/03,17:00,Coleraine FC,Larne FC,3.25,3.10,2.22,O,2.32,U,1.55,Yes,2.02,No,1.72
25/03,17:00,Ballymena United FC,FC Glenavon,2.92,3.40,2.27,O,1.75,U,1.95,Yes,1.62,No,2.15
25/03,17:00,Warrenpoint Town,Dergview,1.42,4.50,6.10,O,1.50,U,2.37,Yes,1.65,No,2.05
25/03,17:00,Knockbreda,Institute FC,3.05,3.65,2.05,O,1.55,U,2.25,Yes,1.50,No,2.37
25/03,17:00,H&W Welders,Loughgall,5.50,4.45,1.47,O,1.55,U,2.25,Yes,1.70,No,1.98
25/03,17:00,Dundela,Ards FC,1.95,3.70,3.30,O,1.47,U,2.42,Yes,1.45,No,2.52
25/03,17:00,Newington Yc,Ballyclare Comrades,2.50,3.60,2.42,O,1.50,U,2.35,Yes,1.44,No,2.52
25/03,17:00,Annagh United,Ballinamallard United,1.70,3.95,4.00,O,1.55,U,2.27,Yes,1.57,No,2.22
25/03,17:00,Karela FC,Hearts of Oak,2.10,3.05,3.40,O,2.40,U,1.50,No_bet,No_bet,No_bet,No_bet
25/03,17:00,Accra Lions,Bechem United,1.70,3.45,4.60,O,2.15,U,1.62,No_bet,No_bet,No_bet,No_bet
25/03,17:00,SC YF Juventus Zürich,FC Breitenrain,4.55,4.10,1.60,O,1.57,U,2.22,Yes,1.62,No,2.10
25/03,17:00,FC Stade Nyonnais,FC Basel II,1.57,4.40,4.45,O,1.40,U,2.67,Yes,1.50,No,2.37
25/03,17:00,FC Luzern II,BSC Young Boys II,1.57,4.40,4.45,O,1.34,U,2.90,Yes,1.42,No,2.60
25/03,17:00,FC Zurich II,SC Kriens,2.10,3.40,3.15,O,1.60,U,2.15,Yes,1.50,No,2.37
25/03,17:00,SC Brühl St. Gallen,FC Baden,2.22,3.45,2.85,O,1.50,U,2.37,Yes,1.42,No,2.60
25/03,17:00,BSC Young Boys (W),Yverdon (W),1.13,7.50,13.00,No_bet,No_bet,No_bet,No_bet,No_bet,No_bet,No_bet,No_bet
25/03,17:00,Bohemians FC (W),Peamount United (W),9.50,5.40,1.23,No_bet,No_bet,No_bet,No_bet,No_bet,No_bet,No_bet,No_bet
25/03,17:00,Renaissance de Ngoumou,Aigle Royal Menoua,3.65,2.95,2.05,No_bet,No_bet,No_bet,No_bet,No_bet,No_bet,No_bet,No_bet
25/03,17:00,UMS de Loum,Colombe du Dja et Lobo,2.55,2.72,2.92,No_bet,No_bet,No_bet,No_bet,No_bet,No_bet,No_bet,No_bet
25/03,17:00,Mlawianka Mlawa,Ursus Warszawa,1.42,4.70,5.50,No_bet,No_bet,No_bet,No_bet,No_bet,No_bet,No_bet,No_bet
25/03,17:00,Peterhead,Alloa Athletic,6.00,3.90,1.55,O,1.80,U,1.95,Yes,1.85,No,1.85
25/03,17:00,Albion Rovers,Bonnyrigg Rose,1.90,3.65,3.70,O,1.90,U,1.85,Yes,1.80,No,1.91
25/03,17:00,Annan Athletic,Stranraer,1.72,3.85,4.30,O,1.62,U,2.20,Yes,1.60,No,2.18
25/03,17:00,Stenhousemuir,Forfar Athletic,2.10,3.50,3.20,O,1.78,U,1.98,Yes,1.65,No,2.12
25/03,17:00,Stirling Albion,Dumbarton,1.83,3.70,3.95,O,1.78,U,1.95,Yes,1.70,No,2.02
25/03,17:15,Racing Santander,Levante UD,3.20,3.05,2.45,O,2.52,U,1.53,Yes,2.05,No,1.72
25/03,17:15,UD Ibiza,Burgos CF,2.57,2.87,3.20,O,2.95,U,1.40,Yes,2.27,No,1.60
25/03,17:15,SD Ponferradina II,CD Becerril,1.62,3.75,4.80,O,1.93,U,1.75,Yes,1.95,No,1.72
25/03,17:30,SD Beasain,UD Logrones II,1.90,3.15,4.10,O,2.37,U,1.50,Yes,2.15,No,1.60
25/03,17:30,UE Tona,CF Peralada,2.87,3.15,2.37,O,2.07,U,1.65,Yes,1.83,No,1.85
25/03,17:30,CD Llosetense,CF Platges de Calvia,2.50,2.95,2.85,O,2.37,U,1.50,Yes,2.00,No,1.70
25/03,17:30,CE Constancia,SD Portmany,1.65,3.55,4.90,O,2.00,U,1.70,Yes,1.98,No,1.70
25/03,17:30,CD Manchego Ciudad Real,CD Torrijos,1.45,3.90,6.80,O,2.12,U,1.62,Yes,2.35,No,1.50
25/03,17:30,UD Santa Marta,CD Mirandes II,3.30,3.20,2.12,O,2.00,U,1.70,Yes,1.80,No,1.87
25/03,17:30,Touring Ke,CD Aurrera de Vitoria,1.53,3.80,5.80,O,1.85,U,1.82,Yes,1.93,No,1.75
25/03,17:30,UDC Txantrea,CD Azkoyen,1.60,3.80,5.00,O,1.91,U,1.78,Yes,1.95,No,1.72
25/03,17:30,CD Illescas,CS Puertollano CF,2.07,3.10,3.50,O,2.35,U,1.50,Yes,2.07,No,1.65
25/03,17:30,Umia (W),Real Oviedo (W) II,3.15,3.90,1.90,No_bet,No_bet,No_bet,No_bet,No_bet,No_bet,No_bet,No_bet
25/03,17:30,Ireland U19,Estonia U19,1.23,5.70,9.75,O,1.45,U,2.47,Yes,1.95,No,1.72
25/03,17:30,Slovakia U21,Bulgaria U21,2.55,3.25,2.55,O,1.98,U,1.72,Yes,1.78,No,1.90
25/03,17:45,Club Deportivo Avance Ezcabarte,Peña Sport FC,3.35,3.15,2.10,O,1.98,U,1.72,Yes,1.78,No,1.90
25/03,17:45,Valerenga IF (W),Arna Bjornar (W),1.09,8.00,17.00,No_bet,No_bet,No_bet,No_bet,No_bet,No_bet,No_bet,No_bet
25/03,18:00,Real Sociedad II,CD Calahorra,1.85,3.35,4.10,O,2.18,U,1.62,Yes,2.00,No,1.72
25/03,18:00,San Fernando CD,CF Talavera,2.12,3.20,3.40,O,2.18,U,1.60,Yes,1.93,No,1.78
25/03,18:00,Racing Rioja CF,CD Arnedo,1.60,3.45,5.80,O,2.42,U,1.47,Yes,2.45,No,1.47
25/03,18:00,Bergantiños FC,Burgos CF Promesas,2.07,3.10,3.50,O,2.37,U,1.50,Yes,2.10,No,1.62
25/03,18:00,CD Guijuelo,Zamora CF,2.75,2.77,2.72,O,2.65,U,1.40,Yes,2.15,No,1.60
25/03,18:00,CD Cristo Atletico,CD Laredo,1.95,3.10,3.95,O,2.57,U,1.42,Yes,2.30,No,1.53
25/03,18:00,Barakaldo CF,CD Padura,1.26,5.20,10.00,O,1.65,U,2.05,Yes,2.25,No,1.55
25/03,18:00,CF Vimenor,Deportes Naval,1.85,3.25,4.15,O,2.25,U,1.55,Yes,2.07,No,1.65
25/03,18:00,UC Cartes,SD Atletico Albericia,3.60,3.25,1.98,O,2.05,U,1.65,Yes,1.87,No,1.80
25/03,18:00,Union Sur Yaiza,CD La Cuadra,2.70,3.05,2.55,O,1.95,U,1.72,Yes,1.72,No,1.98
25/03,18:00,UD Ibarra,CD Mensajero,4.00,3.55,1.80,O,1.85,U,1.82,Yes,1.78,No,1.88
25/03,18:00,AD Ceuta II,Coria CF,2.30,2.87,3.25,O,2.55,U,1.44,Yes,2.12,No,1.62
25/03,18:00,Atletico Astorga FC,Salamanca CF UDS,1.98,3.30,3.60,O,2.20,U,1.57,Yes,2.00,No,1.70
25/03,18:00,Unami CP,CD Atletico Tordesillas,3.80,3.00,2.02,O,2.35,U,1.50,Yes,2.05,No,1.65
25/03,18:00,CD Basconia,Club Portugalete,2.55,2.92,2.80,O,2.20,U,1.57,Yes,1.87,No,1.80
25/03,18:00,CF Ardoi FE,CD Oberena,1.80,3.55,4.00,O,1.85,U,1.83,Yes,1.78,No,1.90
25/03,18:00,AD Cartaya,CD Pozoblanco,2.12,3.10,3.40,O,2.27,U,1.55,Yes,1.98,No,1.72
25/03,18:00,Marbella FC U19,Real Betis Balompie U19,7.10,5.30,1.32,O,1.37,U,2.77,Yes,1.65,No,2.07
25/03,18:00,Geneto del Teide (W),CD Guiniguada Apolinario (W),3.70,3.80,1.75,No_bet,No_bet,No_bet,No_bet,No_bet,No_bet,No_bet,No_bet
25/03,18:00,CD Julio Suarez (W),Fundacion CD Tenerife (W) II,1.78,3.95,3.50,No_bet,No_bet,No_bet,No_bet,No_bet,No_bet,No_bet,No_bet
25/03,18:00,Colmar,St Quentin,2.07,3.45,3.20,O,1.93,U,1.75,Yes,1.80,No,1.87
25/03,18:00,Praiense,Rabo Peixe,2.50,2.95,2.80,O,2.25,U,1.57,No_bet,No_bet,No_bet,No_bet
25/03,18:00,DLR Waves (W),Athlone Town (W),3.05,3.30,2.15,O,1.87,U,1.83,No_bet,No_bet,No_bet,No_bet
25/03,18:00,Baltyk Gdynia,MKS Pogon Szczecin II,21.00,7.10,1.10,No_bet,No_bet,No_bet,No_bet,No_bet,No_bet,No_bet,No_bet
25/03,18:00,Montrose,Dunfermline Athletic,3.50,3.50,2.02,O,1.87,U,1.87,Yes,1.72,No,2.00
25/03,20:00,Masfoot,Dubai City FC,1.45,4.25,5.70,O,1.65,U,2.10,No_bet,No_bet,No_bet,No_bet
